an	angel	beautiful	ever	forgotten	him	his	kid	listened	mist	never	singing	still	voice
17	age	always	around	at	but	comforting	early	find	forgot	gentle	graduated	great	grew	grow	had	have	his	how	is	jesus	job	just	leave	like	little	loving	most	mr	never	no	people	pretensions	reeves	simple	smooth	songs	sounds	sweet	they	think	town	up	voice	were	who	with
everyday	him	his	listening	mum	played	reminds	songs	who
appreciate	as	because	child	cry	death	every	fear	funerals	got	heard	jim	many	now	over	reeves	reminded	rip	souls	still	touches	used	voice	your
70	but	changes	dad	didn	do	how	jim	listening	loved	reeves	teenager	then	things
71	also	am	childhood	comes	feeling	have	he	his	jim	listened	music	nostalgic	now	puts	reeves	since	tunes	with
18	1966	47	67	able	an	apc	as	babies	both	but	came	cry	dianne	down	driver	foreboding	girlfriend	gunner	hawaii	hear	her	high	inducted	into	june	just	knowledge	laid	later	like	loved	make	married	marry	might	months	not	old	our	out	rpg	school	senior	still	texas	took	up	we	wedding	with	year
also	at	before	charity	colour	concert	death	dvd	few	he	his	interviewed	jim	june	length	norway	only	picked	rare	shop	up	weeks
47	am	are	be	can	contents	follow	god	grew	heart	his	its	jim	lord	many	muslim	one	only	our	places	praise	praises	reeves	seen	some	songs	sure	type	universal	up	well	words
grew	is	jim	lane	listening	memory	reeves	up
1970	but	cry	dance	every	favourites	grandfather	grandparents	had	hear	hearing	jukebox	makes	one	pub	used	with	wonderful
childhood	fine	from	gentleman	jim	our	parents	played	player	record	tune	tunes
44yr	album	away	can	childhood	drift	from	happy	him	jim	listening	many	now	old	reeves
60	early	england	fantastic	great	jim	john	listened	lot	reeves	singer	takes	voice	wonderful
1966	always	coming	he	heart	remember	up	young
as	brings	father	favorite	great	his	jim	kid	listening	lps	played	player	record	reeves	voice
1966	born	by	everyone	from	great	loved	missed	number	one	singer	well
hear	many
days	good	old	remembering
brings	children	comfort	listening	lot	loved	music	parents	played	they	too	we	were
bring	candy	childhood	fond	from	jim	listening	miss	mom	momma	oldies	over	remember	such	these
dad	had	him	how	if	known	miss	much	only	reminds	would
away	beautiful	dad	dance	get	goosebumps	has	little	mom	passed	play	reminds	used	with
as	be	beautiful	being	cannot	child	from	furniture	gramaphone	grandparents	great	house	itself	jim	listening	made	piece	played	remember	replicated	rose	small	somehow	songs	sound	such	suited	these	today	tone	voice	well	with
away	be	both	boy	can	dad	each	everytime	favorite	god	hear	her	hums	late	miss	mom	played	radio	remember	still	too	way	with	young
59	almost	brings	but	country	crash	death	favorite	forever	great	his	jim	live	music	one	plane	reeves	shattered	singers	untimely	what	will	world
always	army	came	childhood	home	jim	join	left	make	miss	mum	now	one	our	out	piece	play	played	player	record	reeves	reminds	she	sure	them	they	till	told	wore	would
all	amazing	country	get	loved	mum	never	one	over	peter	remind	served	still	thinking	we	were	while	will
40years	ago	at	boy	brings	dad	drinks	ever	few	had	he	house	jim	live	long	only	party	reeves	sing	we	would
all	always	be	but	captured	childhood	died	everyone	favourite	happy	have	hrs	jim	last	much	mum	now	reliving	sadly	shares	she	spent	such	thank	who	will
10	about	after	away	came	correctly	crash	died	disc	he	if	jockey	just	mr	news	old	out	over	passed	plane	reeves	remember	said	wire
30	47	am	as	australia	away	beautiful	blue	caught	child	dad	from	have	heard	hearing	husband	just	not	out	sing	started	straight	sung	western	words
are	asked	beautiful	both	but	father	going	gone	he	her	him	into	law	loved	loving	mary	miss	mother	much	name	people	them	they	were	world
always	but	days	gentleman	have	is	jim	loved	mary	name	remember	those	too	well	young
give	great	had	he	his	kid	listening	loved	more	much	music	soon	taken	too	voice
ago	awesome	bless	distant	drums	from	god	have	his	inverness	jim	jims	listened	many	since	singer	songs	teens
always	genesis	punk	reminds	rock
all	brings	cafe	great	her	little	mom	played
2006	always	away	brings	cry	favorite	frequently	good	grandmother	he	hearing	her	him	his	listened	makes	many	music	passed	quite	september	she	since	singer	thinking	want	with
happy	parents	reminds	times
60s	70s	again	all	big	breakfast	bring	could	dad	dean	does	early	every	fix	go	gosh	hank	jim	jimmy	jones	late	morning	nearly	one	or	pancakes	put	reeves	sausage	some	sunday	us	williams	wish	would
always	cash	granddad	jim	johnny	liked	listening	reeves	reminds	who
again	arranged	beautifully	during	enough	era	great	how	is	kind	know	knowing	labor	live	lucky	makes	music	never	produced	real	record	remember	sad	see	smile	very	we	well	will	written
beautiful	childhood	loved	takes	track	very
all	an	around	at	awesome	cheer	down	face	good	grin	had	how	lane	live	long	many	memory	much	music	other	thank	then	trip	we	where	wonderful
classic	days	do	hanging	is	miss	much	still	sure	there	those	throw
31	always	babe	beautiful	been	brings	god	husbands	is	joke	months	no	passed	rip	since	sing	use	will	yrs
1974	always	at	brilliant	last	remind	school	year
fell	gosh	just	loved	oh	still	sweet	then	tune	youth
70	94	az	classic	fm	gold	graffiti	great	jack	kool	listening	phoenix	posting	remember	show	thanks	weekend	wolfman
all	beautiful	day	first	great	heard	most	remember	thought
best	brings	lady	north	oahu	shore	some	special	sunset	watching	with
42	after	attention	because	broke	choose	competing	growing	guy	heart	ladies	other	reconnected	remember	she	turned	up	we	young
after	again	always	am	are	at	bawled	beatles	broke	but	came	checking	did	elvis	eyes	gate	get	good	guardhouse	just	like	listening	loved	not	out	people	play	radio	sight	still	throat	together	we	wife	work	young	your	youtube
are	at	elvis	everytime	funeral	grandma	head	her	listen	loved	many	music	played	really	there	we
life	reminds
everything	great	hear	imagine	life	live	lyrics	music	reminds	side
10	beautiful	been	broke	ever	have	heart	her	later	loving	more	most	regret	relationship	reminds	ruined	should	transparent	with	woman	wonderful
along	am	amazing	are	blessed	both	but	can	curled	dad	deep	fathers	give	glad	had	have	he	how	lap	life	loved	mary	miss	most	much	mum	receive	remember	sat	shared	showing	singing	still	sung	thank	them	they	together	up	very	voice	while
days	great	happy	reminded	usa	which
baritone	could	everytime	golden	growing	hear	heard	makes	nostalgic	swoon	up
11	all	around	aunt	came	died	elvis	family	go	had	into	kitchen	old	remember	shock	shocked	standing	too	tv	watching	with
as	child	how	miss	mum	reminds	rip	sing	sweet	used
all	brings	eyes	his	many	songs	tears
45	67	alive	bought	came	favorite	have	is	mom	motown	out	record	sound	still	then	well
19	brings	came	good	out	some
black	college	fantastic	first	group	guys	heard	his	probably	radio	soul	steve	teens	these	they	thought	were	winwood
60	70	fantastic	good	he	rock	times	were
14	17	am	boot	fantastic	first	heard	mono	no	radio	stereo	steve	winwood	year
brings	sure	thats
francisco	great	san	way	what
an	died	her	laura	miss	much	name	she	wife
16	clearly	dancing	mama	remember	with
always	but	dad	everyday	he	hearts	her	is	laura	longer	mum	name	no	our	remains	sing	us	with
80s	depressing	early	ever	had	heard	kid	most	mum	remember	tape	thing	thinking
always	banger	cars	do	great	lorry	meeting	our	played	race	racing	times	used	way	we	were	with
11	always	away	but	cd	grandad	he	him	learned	listens	lost	miss	passed	sadly	we	will	with	words
como	from	italia	laura	thank	turn
beautiful	lovely	made	remember	thank	us	video	what	work
always	as	bring	changed	daughter	dont	even	eyes	growing	hear	her	if	im	is	know	late	later	leoni	life	mum	name	now	obviously	one	play	radio	remember	she	sing	stuck	tears	teens	thats	them	toddler	tunes	up	used	which	with	would
dad	dads	favourite	he	last	lost	one	reminds	singers	year
absolutely	artist	come	favorite	grandfathers	great	his	jim	music	reeves	thank	with
as	beautiful	dear	distant	drums	first	his	is	jim	maybe	memory	music	reeves	unforgettable	voice
banned	been	bonnie	from	is	lies	lol	ocean	over	personally	radio	sad	sadder	school	sing	think	used	we
1960	big	charts	hit	memorable	no	one	teenager	very	weeks
brings	good	lol	some
14	20	90s	after	ask	best	bullshit	but	called	contact	courage	during	early	ever	facebook	first	flowing	found	friends	girl	got	had	happily	her	is	joking	kids	later	laura	living	long	married	messages	met	never	old	our	out	part	plucked	separate	true	up	ways	we	went	year	young
at	blackstone	crossroads	is	laura	lived	now	remember	she	where	wonder
beautiful	child	dad	had	he	him	much	oh	reminds	sing	such	use	very	voice
but	forget	gonna	is	jim	music	never	sad	they
along	grandad	grandparents	hearing	his	jim	loved	music	nan	reeves	remember	reminds	rip	singing	songs	who	young
been	different	experienced	had	have	head	lot	shoulders	then	things	wish	would	younger
all	bring	his	songs	yesterday
at	be	caretaker	embarrassing	everyday	find	just	life	men	need	now	old	sang	school	sing	sweet	tommy	usually	would
about	ago	all	also	as	at	been	but	check	choice	completely	composure	couldn	favorites	funeral	grandad	guess	have	his	hit	home	is	just	kept	lost	makes	mary	melancholy	more	named	nan	now	one	over	peaceful	perfect	played	quite	really	relatively	service	soon	started	there	thinking	throughout	too	us	very	which	year
ago	all	can	chronic	constant	danced	dancing	engaged	got	he	husband	jim	like	listen	live	mining	much	no	one	over	pain	passed	reeves	reminds	sing	we	who	with	worked	world
age	alive	as	brought	father	feelings	his	is	kid	listening	living	lot	man	mum	now	old	parents	played	prime	she	teen	with	younger
73	alive	be	good	lord	take	what
20	21	3rd	about	after	again	ago	also	an	at	be	before	damn	depending	few	gf	grocery	hadn	her	hooked	house	into	knows	last	like	live	might	moment	more	mother	mothers	name	now	oct	old	or	ran	reconnected	remember	see	store	then	think	tv	up	watched	we	what	who	with	year
73	around	elvis	had	king	late	let	mother	old	stay	talk	true	up	watch
after	all	believe	but	day	hard	he	less	passed	re	than	we
all	always	am	an	bedroom	can	days	deep	elvis	etc	ever	forget	good	he	here	him	his	how	looks	oldie	posters	remember	singers	surpass	these	voice	wonderful	younger
58	all	at	before	booth	bought	changed	chemist	have	listening	local	oh	our	remember	times
at	brings	happy	heard	only	schoolboy
1965	2018	25	53	60	all	band	called	days	decca	fun	gets	golden	good	got	great	had	has	heard	hello	included	june	just	knows	list	lost	made	might	miming	music	net	old	our	play	played	presidents	radio	recording	reflection	released	rock	romance	singing	takes	together	trend	video	we	who
great	wasn
at	become	big	called	channels	dances	did	even	from	going	great	group	he	hear	him	home	hurry	just	kings	life	local	never	one	our	played	remember	school	sing	some	star	such	teen	teenage	then	they	think	those	times	tv	used	we	went	were	what	where	with	would
31	again	ago	brings	dad	died	do	ever	get	good	greatest	her	listening	ll	lovely	mum	rip	start	today	voice	your
angel	blue	christmas	every	favorite	gram	happy	lps	orbison	our	play	roy	stereo	times	used	we
16	about	aunt	brings	cousin	cute	dum	everywhere	favorite	go	haha	he	his	is	little	lonely	lot	only	orbison	play	roy	singing	used	yeh
concert	got	have	he	him	mom	old	pictures	some	took	ya
an	awesome	bro	brother	cat	died	few	greatest	have	hear	is	memory	music	roy	stevens	thats	think	those	though	tie	whenever	who	with
always	bless	dad	god	him	reminds
50	60	all	are	best	days	if	live	most	not	now	one	rubbish	songs	these	times	with
beautiful	nostalgia
fantastic	grandparents	listening
girl	listened	little	lot	loved	thanks
after	album	boyfriend	first	loosing	out	such	voice	wore
ago	an	asked	be	because	couldn	decades	developed	did	different	done	from	had	have	he	him	if	impossible	interview	is	learned	like	never	nobody	person	probably	remember	roy	said	sang	someone	something	style	tell	told	why	with	would	young
1988	able	after	all	appreciation	away	been	but	came	could	drop	enough	every	father	few	front	growing	has	have	he	hear	heard	him	his	lucky	mum	music	not	november	passed	pin	play	row	roy	said	sang	seats	see	she	since	such	thank	times	uk	unfortunatley	up	weeks	went
able	again	be	done	fantastic	great	hear	is	like	live	lot	many	past	quality	revisit	singers	songs	superb	thanks	these	through	took	treasure	video	well	what	youtube
able	also	anyone	artist	be	by	can	charts	country	crossed	grows	happened	how	impeccable	music	never	not	old	over	perfection	pop	pure	record	remember	shot	sung	technically	unforgettable	up	well	which	who
ago	country	many	music	oldies	takes	these
days	grannys	music	old	party	reminds
40	50	60	about	anything	as	but	from	great	kid	loved	nc	never	raleigh	thought	top	what
45s	all	always	as	at	be	bursting	country	day	don	favorite	gave	girl	grandmom	happy	have	heart	hello	home	honey	house	just	little	music	one	over	playing	remember	said	she	songs	take	them	until	why	will
can	country	first	girl	hearing	little	remember
days	end	good	never	old	they	thought	we	yes
1985	country	doing	during	favorite	great	help	kid	one	please	sing	soulful	sweet
ago	holiday	lovely	parents	reminds	times	with
apply	brings	lots	navy	still	today	words
as	child	remember	thank
but	grew	hall	like	loved	party	rock	roll	songs	still	teenager	then	town	up	with
1950s	1960s	during	grand	growing	listening	music	ole	opry	remember	up
60	70	at	entertainment	forward	late	least	lip	live	look	not	our	singing	started	these	weekends	were
remembering	we	were	young
all	at	girlfriends	great	jukebox	just	radio	remember	thank	wow
from	remember	very	young
brings	great	such
away	days	from	oh	ya	yes	young
good	mama	over	sing	used
1979	an	asked	bar	barbados	barmaid	bought	by	coffee	day	dec	disc	europe	first	hank	have	he	heard	here	his	is	label	middle	name	next	paper	pickwick	postings	rare	remember	singin	store	thanks	unknown	very	who	with	wrote
ago	brought	country	is	kind	long	music	very
beautiful	ever	great	hank	have	him	locklin	loved	since	thank
an	as	chair	clack	clipy	daddy	go	he	old	rocking	sing	sleep	use	would
days	first	getting	hear	heard	just	much	songs	thank	unbelievable	younger
being	country	fed	figure	force	go	kid	music	now	old	remember
few	takes
dad	mom	omg	reminds
as	days	eyes	gives	gold	grew	is	old	recall	tears	those	we	with
57	am	an	be	but	child	country	hood	into	music	not	really	remind	weeks	will	yes
brings	come	eyes	know	makes	now	water	your
again	all	are	calling	child	country	find	grandparents	hate	hillbilly	like	music	myself	no	now	or	other	parents	played	reason	rock	singing	than	they	whatever	wish
artists	black	do	great	miss	much	night	our	saturday	seeing	sharing	sure	thank	these	tv	very
are	around	dad	delivered	heads	is	lovely	message	minutes	music	only	our	play	records	remember	ring	singer	songs	still	these	thumbs	unbelievable	up	used	voice	well
am	as	beautiful	bed	child	dad	dancing	even	feel	from	him	his	imagine	miss	place	sick	sing	some	still	with	would
brings	dad	dancing	don	great	like	many	mom	music	play	remember	sad	stories	such	they	today
55	am	at	dancing	has	mother	now	only	parents	passed	posting	remember	thank	watching	wedding
childhood	days	reminiscing
10	70	ago	august	away	great	learned	memory	mom	passed	roller	skate	thank
childhood	from	lovely	such
at	dad	days	everyday	family	good	happiness	music	teen
62	ago	always	dad	him	married	miss	much	mum	passed	reminds	very
dad	day	drinks	family	few	friends	get	great	have	loved	mum	reminds	songs	these	times	togethers	who	would
dance	definitely	reminds	school
40yrs	about	ago	always	at	beautiful	by	club	engelbert	last	listening	night	remind	waltz
always	brings	childhood	good	grandma	grandpa	have	kind	makes	miss	ol	songs	these
dad	happy	his	loved	mum	music	playing	radiogram	records
bad	beautiful	brings	but	good	lot	some	still
but	childhood	dance	end	forever	great	last	lingers	listen	mind	must	nice	should	still	until	waltz
as	at	grandparents	how	listen	lyrics	much	old	play	reminds	seven	strange	they	understand	used
are	dancing	do	grandparents	hope	still	sweet	they
as	at	charge	church	got	liked	much	out	person	play	played	remember	we	wedding	went
70	around	at	aunts	dance	end	floor	late	man	mid	old	older	receptions	reminds	twirling	uncles	wedding
bring	childhood	engelbert	humperdinck	songs	thank
1968	as	at	beautiful	dance	gramophone	griffiths	has	instructions	mrs	our	played	primary	school	shouting	student	taking	teacher	us	waltz	we	with	would
already	always	because	best	but	can	dad	dance	danced	daughter	during	even	first	gone	hand	hands	happened	he	heart	high	him	his	hold	how	hug	junior	last	lend	miss	much	night	our	papa	played	prom	remained	remember	saying	school	senior	thing	tight	with
70	boyfriend	good	sentimental	theme	very	with	yahooo
1960s	always	bus	days	fairground	girl	go	happiest	happy	her	innocence	largs	life	little	loved	mum	pal	playing	remind	such	trip	used	we	went	will	with
60	beautiful	great	late
ex	girlfriend	reminds
days	good	old	remembering
always	bedroom	below	from	kitchen	life	mother	playing	radio	sun	sunset	sweet	takes	then	up
day	friend	old	remember	with
1970	british	club	days	happy	legion	loved	people	reminds	tranent
60th	at	beautiful	danced	diamond	forever	last	parents	such	their	wedding	weekend	will
danced	exact	good	record
ago	dad	died	he	hear	him	miss	much	play	reminds	used	very
beautiful	nostalgic
2016	always	beautiful	before	brings	daughter	died	happy	her	mant	miss	our	wonderful
brings	ever	marvelous	tastefully	we	were	what	young
all	amazing	era	fell	grow	just	listening	lucky	memory	music	thanks	these	up	where	wonderful
anymore	blast	don	from	house	is	just	like	little	make	our	past	playing	remember	them	they	very
15	20	am	far	favorite	is	now	old	until
11	15	2009	april	dancing	feb	jensen	june	living	mom	our	remembering	room
2019	always	anyone	dad	remembered	sing
all	also	as	blasting	child	elvis	frank	full	gospel	grandma	grew	house	jones	mother	music	our	passion	presley	sinatra	tom	up	with
about	ago	another	as	because	dad	find	girlfriend	guy	him	his	is	kid	left	long	one	sad	then	who
funny	girl	kid	old	only	remember	she	singing	thought	young	yrs
everytime	granddad	his	phenomenal	reminds	voice
every	has	mother	played	remember	sunday	what	wonderful
1977	always	kid	like	really	reminding
always	anytime	be	because	careful	daddy	favorite	hear	if	is	miss	music	remember
1968	engelbert	glad	grew	high	loved	music	real	released	school	up	with
coming	daddy	father	hang	he	home	loves	much	next	omg	philippines	reminds	there	year
20	am	but	child	from	grandfather	grandpa	heard	heaven	him	is	now	reminds
feel	great	had	listened	make	missed	never	people	place	rewind	something	tried	where	who	wish
2019	all	are	but	flashback	gone	july	only	remains	uncles
always	bottom	cause	creator	every	everything	father	from	granddaughter	happy	heart	here	him	know	law	miss	music	now	our	papa	re	remember	right	thanks	we	will	with
each	every	many
album	childhood	engelbert	humperdinck	is	list	play
after	are	brings	but	can	closing	days	eyes	forever	have	help	just	lost	nothing	play	relive	remove	songs	them	these	those	us	we	while	yesterday	your
2018	childhood	like	miss	pops	someone
as	beautiful	if	one	own	self	stirs	written
am	as	better	can	day	did	fantastic	go	heart	is	make	now	or	person	place	radio	relive	sounds	special	then	way	your
be	bring	lonely	partner	please	sin	someone	sweet	voice	with
take	what
again	amazing	blast	buried	come	deep	from	growing	haven	heard	like	mid	mind	past	power	real	seventies	something	suddenly	surface	takes	transport	up	wow	your
amazing	but	child	damn	every	everything	feel	felt	gave	good	happy	have	how	is	its	like	makes	ok	out	parents	remember	reminding	secure	sharing	should	such	thanks	then	what	world	wow	young
childhood	right	thats	there
about	age	be	down	fantastic	how	lane	memory	never	omg	replaced	take	talk	trip
almost	am	childhood	happy	lovely	posting	such	teary	thanks
70	band	by	catchy	favorite	great	magic	right	takes	think	though	track	tune
ago	brothers	childhood	good	long	remember	sisters	thanks	uploading	with
classic	days	don	from	just	like	make	nowadays	pilot	songs	takes	thanks	younger
again	be	by	dream	few	gone	great	happier	look	miss	moments	there	these	times
bringing	by	can	comparison	day	feel	fore	kids	knew	looks	mattered	modern	more	music	musical	never	nostalgic	offerings	pale	real	realize	than	thank	themselves	they	today	youtube
again	all	closing	days	evokes	front	future	is	just	life	now	old	spend	those	twenty	wishing	with	wonderful
50s	again	but	mid	suddenly	teenager
25	as	at	attendance	attractive	away	called	dairy	disco	doing	drive	driver	drivers	enjoyed	equipment	especially	fork	great	had	has	help	him	his	how	john	ladies	lift	london	lot	lovely	mobile	old	one	other	pack	parties	ran	set	sloop	stay	take	these	truck	turn	up	used	very	we	will	with	worked	young
ever	first	many	record	thanks
70s	as	child	drop	emotional	makes	middle	pilot	simpler	songs
could	days	go	those	wish
am	brought	glad	pleasure	southam	thanks
birthday	brings	buying	first	many	record	remember	sister
49	ago	all	am	as	did	from	now	remember	still	thanks	then	those	uploading	very	young
beautiful	brings	childhood	is	part	pilot	songs	thanks	these
childhood	reminds	tune
always	aunt	ever	grace	great	hear	her	remind
amazing	beautiful	clich	concerned	full	is	no	where
12	also	an	but	by	can	caught	days	different	don	early	even	eye	get	girl	had	incurable	issue	know	later	look	loved	months	more	motown	platform	play	realize	reminds	rock	romantic	then	think	though	undergraduate	who	why	woman	young
14	21	30	ago	another	anyone	cheated	dad	dated	else	ever	has	he	his	if	is	let	man	married	marry	mary	mother	name	naver	not	old	or	passed	she	thornwell
62	am	at	but	captivating	could	dad	do	from	god	he	her	hi	his	holgmany	house	just	karaoke	like	mid	mum	new	parties	remember	rest	sang	soul	used	wish
59	aged	an	around	as	australia	belfast	both	child	died	drinking	from	incurable	just	left	missed	mother	murray	romantic	ruby	sadly	same	she	sing	smoking	soon	sydney	too	used	world
ago	all	bless	brother	heartthrob	innocent	life	more	much	older	ruby	she	simpler	those
20	another	are	awake	barrack	bond	favorite	fellows	from	have	heard	him	his	listen	nights	one	out	played	room	said	should	stay	sunday	ted	there	they	tooting	top	used	version	we
60yrs	ago	an	dad	days	fast	go	gram	great	his	magical	masters	moments	mum	old	putting	radio	remember	voice
13	but	died	favorite	mums
76	aussie	brings	fan	from	great	keen	old	some	sure	wow
her	like	listen	looked	loved	mom	sing	sounded	young
58	along	basco	been	beginning	brother	but	fellow	from	ginnie	ginny	going	grade	graduated	happy	has	havu	his	is	knew	like	much	name	nickname	now	older	once	other	sang	skip	skipper	some	spelt	still	students	teenage	their	then	together	very	with	young
be	beautiful	brewer	but	cleaning	don	growing	hearing	her	house	just	like	mom	really	remember	she	sing	sounded	teresa	up	use	voice	with	would
father	page	patti	reminds
bought	days	first	good	im	now	off	old	out	reach	record	remember	still	those	where
how	last	like	made	many	now	playing	songs	still	them	these	todays	will	youth
after	am	big	brewer	fan	father	great	he	her	kinda	lady	loved	much	named	partial	sharing	songs	teresa	thanks	voice
after	amazing	are	at	billy	but	can	darling	do	great	hear	heaven	jillian	least	log	most	place	playing	singer	still	thank	us	voice	week	were	whole	wide	wish	with	wonderful	world	your	youtube
billy	eckstine	feel	full	hearing	melancholy	nostalgic	sing	voice	warm	what
after	billy	cardiff	concert	eckstine	met	see	sixty	still	together	uk	went	wife
are	gem	made	posting	share	superb	thank
takes	teen
1950s	alive	be	beach	best	bet	billy	boy	early	eckstein	golden	great	had	he	him	if	island	lido	live	long	now	only	parents	room	see	sounded	sounds	standing	still	then	took	tour	very	voice	were	with	young
50s	at	bye	club	days	good	impersonate	kyrill	morgan	mr	old	trinant	use
50s	family	lovely	nostalgic	sing	singer	some	songs	takes	these	used	very
along	boone	came	can	clearly	danial	door	ed	first	from	green	hear	hilarious	now	oddly	radio	remember	voice
1962	ames	boone	born	character	connect	dad	daniel	didn	ed	later	mingo	much	niece	playing	quite	remember	series	she	sing	until	well	would
around	born	but	dance	daughter	don	first	her	hold	house	how	know	memory	months	precious	sing	stumbled	sweet	used	wonderful
almost	ames	carson	ed	hilarious	his	johnny	lost	manhood	remember	show
always	being	generations	grandparents	head	loved	passed	play	since	stuck	through	would
as	beautiful	born	child	clever	grandfather	lyrics	sang	voices
actually	baby	chorus	dad	daughter	ever	first	haha	heard	is	just	sharing	she	sing	step	thank	used	ve	video	whole
55	born	first	literally	memory	one	songs
2015	beautiful	been	brain	comes	days	down	embedded	fifty	filtered	flooding	granddaughter	grandsons	had	has	have	into	is	later	little	nine	now	old	only	or	parts	since	subconscious	three	ve	wonderful	yes
above	adore	baby	beloved	brings	daddy	father	from	he	heaven	high	is	kisses	listen	listens	not	our	remember	still	thousand	times	used	who	with
beautiful	happier	reminder	safer	sincere	times
50	60	again	at	computer	did	ever	experience	from	great	have	no	one	play	sit	then	today	we	well	what
as	could	covey	did	emotion	female	fifties	lyrics	singers	sixties	such	sweet	they	today	voice	wish
as	beautiful	born	entirety	hear	its	lullaby	mum	sang	wonderful
dad	day	every	just	miss	much	mum	reminds	who
17	another	army	at	be	bitter	but	exact	first	home	join	just	left	memory	morning	old	out	playing	radio	really	record	story	sweet	turned
always	away	boy	came	children	ever	fortunately	going	goodbye	had	haven	he	heard	jimmy	kid	later	married	named	never	older	out	passed	raised	sang	say	sharing	since	sister	started	steady	thanks	they	two	until	were	with
age	brother	crying	died	hearts	him	his	jimmy	name	never	stopped	want	we
always	an	as	been	billy	boy	brother	far	felt	got	had	happier	he	heard	his	jimmy	little	long	lullaby	mother	much	nickname	nicknamed	nonetheless	one	sad	sang	sharing	since	such	thanks	too	tyke	while
all	beautiful	been	brought	danced	eyes	girls	god	have	hurts	listening	many	million	miss	not	tears	terribly	thanks	them	thinking	tune	uploading	with
94	after	ago	bless	by	can	dry	fifty	going	hand	have	heard	her	look	mangle	mum	not	old	putting	see	seven	she	since	still	strong	there	through	us	year
because	child	cry	funny	made	played	she	sister	thought
cry	girl	just	little	older	play	see	sister	used
again	but	could	friend	good	had	her	july	left	miss	over	see	she	still	wish
10	again	as	badly	been	but	could	died	even	get	gone	have	he	him	jimmy	life	may	miss	over	see	still	though	try	well	wish	with
13	again	appeared	been	enjoy	had	lovely	much	posting	thank	very
days	lovely	reminds	usa	with
beautiful	miss	remember	shows	tv	voice	watch
1950s	dickie	from	good	is	lovely	remembered	singer	still
50s	again	good	great	listening	nostalgia	singer	times
all	an	are	as	asset	consider	corn	crooner	dickie	earned	entertainer	favorite	good	great	guy	like	lovely	make	microphones	missed	music	near	no	period	rip	sadly	silk	singer	their	they	today	voice	were	what	where	words	writers	writing
germany	happy	munster
absolutely	be	beautiful	ernie	feel	ford	forgotten	hear	lovely	makes	never	past	should	voice	whenever
brilliant	brings
beautiful	crazy	great	like	mother	play	post	reminds	she	such	thanks	used
1954	55	army	every	germany	great	hdqrs	hit	most	night	played	radio	seventh	stuttgart	uk	us	while	with
brings	happy	younger
always	as	believe	can	crying	dad	gone	he	is	life	long	loved	man	mom	oh	posting	sang	singing	thanks	write
always	am	broken	but	copy	favorite	fifties	found	got	have	here	mine	pleased	put	thanks	way	who	youtube
age	days	high	reminds	school	wonderful
dad	every	miss	morning	parents	played	saturday
beautiful	every	hear	kind	listen	miss	mom	morning	much	she	sunday	used
16	1963	great	old	youth	yrs
all	are	bring	could	don	know	missing	must	people	sing	these	they	we	what	wish
clasmate	danilo	first	from	heard	old
10	50	60	brenda	dear	early	emotions	hearing	her	late	like	old	records	such	thank	turn	voice	with	wonderful	year
1963	boat	by	bye	decades	first	have	heard	holds	missed	numerous	still	strong	way
could	days	during	how	listen	lovely	many	old	performing	see	songs	them	turn	we	wish
beautiful	end	nostalgia	world
12	1963	brenda	lee	old	pretty	remember	such	very	voice	well	with
beautifully	bring	classical	hauntingly	songs	these	what
beautiful	every	hearing	melody	sends	tune
10	11	booming	but	by	first	foley	gal	her	introduction	not	old	or	red	remember	she	such	sure	tv	voice	what	year	young
flies	how	oh	only	wow
anything	backwards	be	being	by	childhood	currently	enriched	era	exchange	fact	forwards	garbage	goes	going	issues	kids	lives	music	no	not	played	previous	teen	terrific	their	tune	wise	with	would
1963	high	sad	school	senior
13	1963	explosion	happening	music
brenda	davis	didn	exposed	grew	had	know	listening	skeeter	soul	until	up	version
brenda	childhood	crush	first	is	lee	lol	older	she	than	two
10	again	big	bless	chart	found	god	her	later	old	only	out	played	sad	sister	sisters	some	still	take	why
artist	brilliant	everlasting	from	great	greetings	ireland	music	youth
again	davis	do	first	hard	heard	remember	skeerter
2006	broke	down	from	left	played	radio	she	sixties
being	day	ends	every	guess	human	knowing	listen	literally	little	lots	meant	nostalgia	not	reasons	someone	suppose	toddler	used	what	world
away	beautiful	because	cancer	early	from	growing	have	her	lord	loved	miss	much	passed	reminds	sister	took	up	we	were	young
beautiful	great	is	many	much	thank	video	with
bring	like	listening	miss	music	radio	thankful	wonderful	youtube
50	after	ago	apart	clock	could	drifted	gail	if	listening	miss	much	only	still	turn	we
all	film	grow	hit	knowing	make	never	passed	sad	stars	them	they	those	up	with
2019	70	am	asking	been	better	bringing	childhood	have	is	listening	lived	now	radio	really	seirus	station	still	we	what	which	why	world
2019	60s	70s	childhood	listening	november	really	remembering	songs	take	these
another	but	don	dreams	has	kind	know	magical	mesmerizes	nostalgias	some	soul	spell	takes	word
are	fav	her	just	late	lonely	reminds	she	sister	songs	these	us	used
dad	remember	singing
16	1963	cry	makes	youth
adore	nostalgic
1963	63	also	an	avery	bad	basketball	big	brenda	champs	dear	devistating	died	ever	every	friend	girl	good	got	graduation	grandfather	great	high	junior	kennedy	lost	never	night	part	president	school	second	senior	she	shoot	since	singer	small	songs	state	very	we	well	where	year
been	but	every	have	just	knew	may	sang	sleep	understood	word
am	enough	liked	meaning	music	now	old	thank	understand	young
across	always	be	best	but	cement	child	great	hardened	has	heard	just	long	really	since	stumbled	takes	ve	version	will	with	world
1963	50	barber	came	can	cents	dad	during	go	haircut	home	like	morning	no	paid	plus	saturday	shop	sitting	snowy	sounds	there	tip	waiting	we	went	winter
dedicated	first	heard	is	music	tara	young
lovely	nostalgia	pictures	sad	sweet
60	come	early	omg	please
11	car	grandfather	he	heaven	him	music	now	our	play	reminds	still	way	would
56	during	much	with
always	brother	elder	fantastic	listen	old	play	popular	then
challenges	child	days	good	life	old	play	real	teenage
2015	55	71	age	dad	day	died	every	loved	miss	mum	old	parents	they	witch
13	old	remember
always	as	cruise	dad	dances	did	everything	from	generation	goes	head	hear	living	mom	moms	now	passed	reminds	then	they	were
after	away	first	grade	hope	kind	life	man	moved	oh	shortly	th
34	are	best	brings	but	came	car	good	had	hear	im	like	old	oldies	only	others	songs	station	these	would
bring
60s	70s	80s	are	bodies	bouncers	childhood	dances	didn	don	drugs	each	favourite	from	girl	gone	great	have	hear	high	is	just	know	long	missing	money	music	mutilate	night	no	or	other	our	ourselves	park	parties	piercings	police	refreshing	respected	rock	school	songs	spend	summer	tattoos	tenderness	there	they	today	we	were	with	wonderful	your	youth
all	came	days	did	feel	got	never	ooh	pain	reminded	same	school	sweet	those	who
away	best	both	boyfriend	first	friend	from	him	kept	over	playing	reminds	shame	stole	them
beautiful	childhood	from	woman
boarding	by	came	children	choice	comes	day	don	due	felt	from	grandchildren	have	hear	heard	hoping	just	like	looking	mind	money	mother	never	nor	not	now	old	or	out	school	sharing	she	still	thirteen	windows
bring	but	can	days	go	good	never	old	sure
being	brings	by	dumped	emotions	first	full	girlfriend	is	loss
40	childhood	first	from	hit	remember	top	very
evokes	happy	many	thanks
miss	old	those	yes
13	1960	age	already	appreciate	artists	at	beautiful	connie	francis	great	knew	many	others	parents	sing	songs	taught	us	used	we
ago	as	boy	high	long	remember	school	what	young
an	as	beautiful	changed	during	every	glad	gorgeous	had	handsome	history	human	humanity	is	knew	men	most	movies	music	must	people	pity	say	there	we	well	were	wise	with	women	word
away	best	heart	is	lonely	medicine	oldies	ones	parents	passed	remember	who
marvelous	moments	much	nice	remember	thank	these
brings	happened	memory	music	voice	what	wow
better	bless	brenda	child	days	god	great	happy	lee	life	make	marvelous	may	now	singer	thanks	those
again	all	are	best	favorite	feel	makes	million	old	songs	thanks	them	those	today	young
beautiful	heart	nostalgic	sounds	voice
all	before	believe	came	can	forgive	have	heard	instantly	loved	missed	never	radio	these	today
missed	young
ate	brings	miss
ago	always	boy	come	father	find	he	here	just	little	not	now	really	some	with
2018	beautiful	even	marvelous	moments	remember	thanks	these	what
2018	again	dear	good	great	like	listen	passed	remembering	sironaca	thanks	we
about	forgot	memory	now
cared	listen	only	she	singer	teenager
bringing	days	happy	they	were	wonderful
67	all	always	am	but	heard	loved	much	older	still	they	young
17	1962	56	ago	all	along	friends	from	going	here	korea	lyrics	memorize	now	old	over	popular	sing	singing	songs	speakers	through	town	with
12	1963	after	anything	at	brenda	buy	case	cent	couldn	earnings	earplug	else	every	everyday	fair	got	greater	gulf	her	japanese	just	lee	little	meet	minute	mobile	night	old	one	performance	performed	played	radio	records	single	sleep	songs	state	stayed	think	transistor	went	with
1963	dates	days	doze	early	get	had	have	hope	listening	lovely	off	out	really	right	school	snow	snowy	south	us	used	very	winter
bring	catchy	music	nice	simpler	them	times	tune
awesome	brings
14	15	around	at	contest	danced	dancers	days	early	most	old	part	party	philippines	really	reminds	romantic	sister	think
but	by	childhood	passed	same	stays
always	are	everyone	made	these
70	benson	childhood	from	great	reason	reminds	robbie	some	tune
brought	days	great	sears	some	thanks	wow
how	miss	oh	simple	them	times
about	backlash	could	days	from	good	like	not	old	peers	social	worry	your
age	at	because	dad	didn	english	even	first	know	learned	like	oh	old	play	remember	though	used
70	does	during	early	flood	germany	mind	stationed	with	wow
brought	child	commercial	remember	sweet	tv
an	ex	reminds	rides	sunday	with
brings	childhood	from	great	is
again	although	at	cupcakes	day	didn	film	has	hear	hot	like	long	mellowed	nostalgia	other	really	reminds	saw	soundtrack	summers	teenager	used	wanted
another	classic
40	ago	brought	is	like	over	really	remember	sears	some	well	which	words	yesterday
by	days	evokes	gone	makes	old	timeless	yearn
all	are	as	be	can	come	day	distant	gone	have	hearing	her	hope	however	is	karen	lives	long	lost	loved	miss	music	never	new	now	ones	our	past	remember	she	some	then	there	they	think	through	totally	us	we	while	will
ago	another	at	can	chinese	day	deeply	english	first	forget	heard	is	listening	memory	music	nearly	never	one	remember	say	small	songs	still	teenager	town	twenty	two
1970	70	am	an	backyard	being	childhood	great	have	kind	miss	mom	music	outside	own	patio	playing	radio	sitting	softly	stations	sun	wonder	young
band	good	great	like	now	round	someone	sound	then	there	times	what	wish
70s	as	at	awesome	being	cant	go	great	him	kid	knock	loved	times	we
every	father	heard	morning	mother	sung	those	up	while	woke	young
albums	brings	friends	listening	precious	teen	with
about	great	kid	little	makes	remember	still	times
brings	oldies	past	tears	times
great	group	holds	loved	music	still	up	wonderful
all	aunts	dance	house	livingroom	miss	play	really	record	stereo	we	would
16	but	came	good	incredible	out	wow
1976	but	certainly	dances	did	find	hard	heart	is	just	makes	many	memorable	most	one	out	records	smile	stand	tracks	year
lady	reminds	special	takes	way
70	brings	definitely	great
1977	fell	first	from	grade	graduation	high	john	jr	loved	now	real	school	summer	then	with	year
19	as	australia	brings	by	camping	cassette	deck	fishing	get	gets	glimpses	life	lonely	music	north	nostalgia	old	older	or	out	passes	past	playing	quickly	remote	sometimes	though	through	twin	western	year
76	be	conversation	dance	days	drink	fantastic	has	hold	intro	loved	miss	mobile	not	people	phone	really	right	seen	summer	takes	those	what	with
college	dream	from	got	graduated	great	had	ibm	job	just	what	with
is	marvellous	miracles	music
chester	childhood	heart	pa	reminds	sweet
70s	as	box	bring	cd	damn	danced	day	every	good	have	kid	like	listened	not	room	songs	times	used	world	worry
days	get	hearing	homesick	miss	oldies	those
40	an	angel	as	brings	comparing	girl	good	had	idea	like	listened	long	loved	many	merry	much	nice	not	one	perhaps	really	songs	those	times	very	with	year	yester
14	45	at	beautiful	did	disc	don	every	get	got	home	how	many	old	penny	played	player	record	remember	rpm	save	times
good	many
beautiful	listening	many
dad	driving	first	good	grade	man	music	now	old	playing	remember	riding	school	son	way	with
28	am	beach	being	brings	but	by	car	day	fell	felt	good	grandma	heard	just	listening	memory	old	or	remember	she	summer	sunny	thats	we	were	with
12	1976	70	aged	at	belts	best	but	disco	ever	funfair	holiday	minehead	nearly	no	off	one	records	reminds	safety	spinning	summer	thrown
artists	brings	great	group	many
18	1976	be	just	listen	old	taken	want	whenever
actually	but	dancing	days	fun	not	soul	still	takes	there	train	watching
15	70	actually	air	an	as	at	behind	best	blue	brand	called	crowd	eagle	entire	ever	fighter	flight	flying	had	have	he	heard	his	introduced	jet	large	life	little	man	new	one	only	out	perform	pilot	plane	played	routine	saw	show	speakers	strike	then	there	through	very	we	went	who	with
10	47	brings	good	its	like	now	old	then	wow
at	bbc	chicago	dancing	disco	great
appear	because	generation	hear	make	new	nostalgia	old	really	songs	thank	want
2019	days	dec	from	good	greetings	listening	northern	old	part	philippines	reminiscing
20	am	before	but	extreme	have	karen	listening	longing	nostalgia	period	reason	rip	some	way
across	bring	times	yeas
after	as	beat	beautifully	cancer	carpenter	close	cry	did	doing	each	favorite	forever	friend	from	had	haven	hear	heard	her	hope	identical	if	is	joy	karaoke	karen	last	life	liked	lost	made	not	or	remind	said	she	sing	singing	songs	still	swear	talked	touch	voice	we	were	will
by	changed	gone	good	had	has	how	looking	makes	much	rather	sad	seems	times	today
best	childhood	ever	memory
awesome	listen	material	nostalgic	sweet	tune	very
all	am	boy	chinese	country	freedom	grandma	listen	missed	people	remember	want	with	world
again	be	kid	makes	want
childhood	lovely	takes
about	always	am	as	be	but	carefree	cry	days	every	forever	good	how	its	kept	life	listen	makes	old	only	places	remain	reminded	right	things	those	were	will
70	better	but	funner	had	less	miss	simpler	tech	times	we	world
2019	come
reminds	young
brings	car	carpenters	good	hear	loved	mom	riding	singing	songs	their	these	tunes	with
about	brings	childhood	everything	from	jeez	parents
70s	brings	early	good	growing	times	up
07	1977	2019	august	carpenters	exactly	husband	many	met	nice	radio	today	were	wonderful
57	all	being	by	fast	great	how	just	looking	makes	now	passed	sad	teenager	think	times
19	ago	but	cassette	cassettes	change	collection	growing	keeps	mom	more	no	nostalgia	only	playing	remember	tape	through	times
50	ago	brings	cry	license
2016	beautiful	daughter	days	happy	july	passed	remembering	takes	who
2019	brings	dated	girl	her	impossible	is	june	lane	listening	lot	memory	owed	pay	taught	today	who
beautiful	mom	nostalgic	sing	used
2019	48am	dubai	full	great	june	played	times	unforgettable
as	but	by	cried	did	elementary	feeling	first	flies	getting	is	listened	lyrics	not	quite	school	stronger	understand
am	cause	crying	dad	days	listen	old	reminds	with
15	am	at	brought	childhood	eyes	friend	have	listen	really	reminded	sang	school	since	tears	today
anymore	anything	are	because	before	can	changed	do	fast	fix	from	have	innocent	like	makes	not	oh	or	past	people	person	re	relive	sad	tears	there	things
50	60	70	after	alive	be	comment	common	days	doing	everything	eye	find	gives	gonna	good	goosebumps	got	ha	heard	if	internet	is	isn	leave	ll	maybe	nostalgic	now	old	or	remember	since	sometimes	still	teary	those	where
2018	august	been	brings	childhood	cry	every	first	from	have	hear	heard	la	listening	many	nonstop	sha	shines	since	still	woah	wonderful
arrangement	beautiful	boy	childhood	days	drum	her	how	lyrics	oh	perfection	played	remember	sweet	those	voice
age	am	around	at	but	childhood	died	flash	grandma	missed	she
beautiful	bring	childhood	days	do	floods	girl	happy	head	hear	hearing	is	just	little	lot	no	off	out	played	playing	radio	recently	remember	where
2019	come	favorite	growing	here	is	june	nostalgia	up
absolutely	after	apologies	bad	because	blow	childhood	feel	grammartical	great	habit	heard	her	just	like	listen	make	many	melody	mistakes	now	relaxed	school	secondary	send	since	some	steam	still	student	such	voice	want
18	although	backseat	car	do	english	even	first	is	kindergarten	know	learned	means	mum	not	remember	sing	still	times	what	year
days	east	kenya	reminds	teenager
1973	angel	away	carpenter	have	karen	may	mother	passed	rip	takes	voice
50	60	70	73	80	about	although	angel	as	big	but	called	contemporaries	course	day	every	friends	glad	graduated	great	have	hs	just	knew	loved	oldies	sisters	songs	teen	thanks	these	well	words
16	am	compare	fast	flies	hear	now	old	times
am	kindergarten	made	past	play	remember	teacher
always	childhood	reminds
12	51	am	boy	bring	can	changed	first	has	heard	high	junior	just	many	much	now	school	smiles	still	tears	teenage	times
14	am	died	feel	grandmother	heard	her	little	makes	nostalgic	now	old	really	remember	remembered	sad	singing	which
all	along	as	bring	cry	grow	her	just	listen	listening	see	she	sing	we	with
childhood	favorite	finally	find	tons
had	how	just	loved	mp3	much	player	remembered	since	then
at	beside	childhood	go	hear	longing	radio	very
1973	am	be	but	feel	forever	greatest	hit	is	like	remember	september	still	will
always	childhood	days	everytime	kid	kind	like	listen	music	musics	parents	play	traveling
childhood	clearly	comeback	favorite	noise	omg	radio
am	amazing	been	childhood	every	feel	have	is	like	listen	listening	made	night	old	since	sleep
brought	cassette	classic	kid	listen	much	used
1970s	days	early	elementary	school	takes
be	can	childhood	cried	day	every	forever	getting	healthy	just	loved	older	one	people	realized	return	sell	stay	them	ticket	want	way	were	who	with
2019	bring	hahaha	nice
40	away	before	behind	beloved	friends	have	leaving	listen	many	memory	nearer	passed	past	remember	still	unforgettable	which	while
beautiful	reminds	young
1970s	40	able	ago	already	band	be	beautiful	break	brings	broadcasted	but	can	carmen	castes	childhood	china	classic	conservative	could	country	enough	faction	firm	from	heard	here	image	iron	is	memory	not	old	player	poor	rules	sing	songs	still	streets	strong	there	these	were
36	ago	an	be	could	cry	days	is	karen	lost	makes	painful	really	sadly	still	these	today	way	we	wish	world	yesterday
baby	carpenters	childhood	damn	every	good	hit	lol	loud	lullaby	mum	old	out	sang	tape	times	yes
all	brings	favorite	one	songs	those	top
all	anymore	beautiful	brings	childhood	here	not	some	them
1973	46	again	along	always	be	beautiful	came	canadian	carole	dating	experienced	flautist	free	french	from	is	lives	more	music	never	now	once	others	place	radio	responsibilities	she	student	thats	through	transports	where	will	with	yesterday
30	ago	am	boy	from	long	mind	primary	romantic	school
deceased	nostalgia	sentimentality
as	best	her	is	kid	memory
miss	much	remember	still	them	young
12	about	beautiful	begin	girls	hear	just	myself	remember	romantic	romanticism	said	thank
behind	carpenters	couldn	dad	days	introduced	karen	left	putting	remember	repeat	sad	stay	thank
car	childhood	listen	reminds	used
1974	album	all	always	are	around	arrangements	be	bringing	brothers	cathy	every	fell	floor	had	her	house	karens	listening	living	masterpiece	music	neighbor	none	over	player	pop	princess	record	remember	room	sat	second	she	singles	voice	we	will	with
40	about	ago	away	brother	children	hearing	him	is	listening	loved	music	now	passed	reminds	some	we	were	who	with	younger
first	forget	grade	heard	life	never	sixth	will
die	hard	reminds	youth
beautiful	bring	childhood	happiest	memory
all	come	every	grew	heart	nice	those	touches	up	with
brings	more	once	yesterday
be	could	decency	meaning	more	once	wish	with	yesterday
also	always	bad	can	childhood	come	just	listen	miss	not	old	sleep
childhood	cry	happy	made	miss	reminds	those	times
childhood	go	once	only	want
1973	45	after	along	australian	beautiful	cargo	coast	communication	composition	destination	did	first	from	headed	heard	melbourne	mesmerized	music	purchased	radio	reaching	receiver	record	rpm	sailing	ship	singing	some	station	store	style	suddenly	thing	unknown	way	what	with	wonderful
70s	as	fresh	give	had	missed	much	sadly	sounds	still	today
afternoon	always	cassette	mom	play	reminds	sunday
10	almost	been	everytime	first	its	just	kid	listened	piece	remember	since
5th	but	certainly	cried	elementary	english	favorite	grade	just	listen	not	radio	school	songs	sure	waiting	young
all	away	but	gone	just	like	listen	melted	more	once	re	songs	they	those	yesterday
about	am	as	attention	be	beautiful	been	big	can	century	childhood	coming	desoto	everytime	face	father	first	grabbed	had	half	has	hear	heard	honestly	how	is	karen	later	left	liked	nearly	never	now	old	or	remember	rich	riding	say	seat	smile	soon	thank	there	too	truly	us	voice	with	wonderful
80s	every	good	had	happiest	hear	reminds	sad	we
as	beautiful	bringing	childhood	days	favorite	good	happy	is	karen	lots	miss	most	much	old	one	reminds	singing	songs	such	thanks	wonderful
familiar	lyrics	old	rhythm	take
all	best	clearly	come	with
actually	family	friends	reminds
1973	all	almost	beach	beautiful	being	brings	every	first	fl	ft	go	great	hear	more	once	played	spent	two	voice	we	weeks	yesterday
after	are	best	come	cry	even	friend	happy	just	long	lost	make	miss	never	now	once	really	show	they	those	times	up	where	will	yesterday
best	brings	days	fond	golden	good	old	those	top	very
again	also	are	as	at	be	bringing	can	cousins	didnt	doing	down	drive	emotions	fill	get	go	gone	good	great	had	her	hey	innocence	karen	kids	lane	life	memory	music	not	nuts	old	or	real	record	records	rip	sad	seems	soon	spin	these	trip	up	used	voice	we	weekends	what
are	changed	had	have	heart	if	is	life	line	lyrics	makes	much	rather	really	remember	reversed	sad	seem	strike	there	those	today	want	which	wish	words
again	at	beautiful	believed	brought	check	cover	day	feel	free	good	has	have	lot	many	means	nice	ones	out	page	please	remember	school	singing	slow	thanks
childhood	cry	forever	make	remind	young
brings	mom	really	sing	used
1973	date	first	lingers	singing
all	beautiful	bring	gone	grew	is	just	many	music	one	shame	she	songs	them	these	those	types	up	voice	with
70s	growing	kid	reminds	up
1960	2018	40th	all	bkk	born	day	europe	friend	great	have	know	life	listen	missed	most	much	never	now	old	really	songs	still	such	them	till	up	use	very	will
20	again	can	close	could	ever	every	express	eyes	hear	her	last	listen	long	meet	missed	mom	more	reminds	singing	single	than	these	till	ve	we	words
always	bring	childhood
childhood	kid	mum	play	takes	use
1976	6th	all	brings	class	during	glasgow	grade	hansen	many	miss	montana	played	songs	teacher	thanks	their	year
album	childhood	christmas	favorites	from	grew	listening	one	still	their	up	voice
brings	childhood	days	miss
all	best	clearly	come
bringing	childhood	finally	found	hear	let	old	parents	part	radio	thank
always	by	has	heaven	introduced	listening	mother	our	remember	thank
feeling	nostalgic	school
2018	all	amazing	best	clearly	come	listening	memory	more	natural	once	talent	very	voice	what	who	wow	yesterday
1970	as	beneath	carpenters	earpiece	guam	june	landing	landscape	late	memory	nice	playing	radio	remember	unfolded	were
all	around	being	child	dad	fabulous	how	miss	mum	music	oh	seaside	trips
away	come	old	or	please	take	them
age	anymore	beautiful	because	but	crazy	did	do	laugh	listened	makes	miss	not	now	recall	songs	still	things	those	young
cry	days	listened	loved	made	missed	songs	strongly	those	understand
10	15	60s	about	an	as	being	brings	came	could	earlier	early	first	from	funny	her	how	listening	longed	look	music	now	old	out	relate	remember	reminiscing	she	teenager	we	younger
both	brings	early	happy	left	music	sad	too	us	your
40th	already	beautiful	get	more	once	very	wish	yesterday
album	car	could	finally	found	grandpa	japan	listened	many	oh	only	remember	shalalala
afternoon	beautiful	every	middle	miss	plays	school	times
can	days	every	had	into	just	listen	making	miss	myself	night	stop	tears	we
30	about	after	again	best	brings	childhood	competition	days	during	emotions	ever	finding	forgot	growing	like	lived	memorized	one	past	singers	singing	tears	up	yesterday
early	flashing	hear	keep	mind	seventies	whenever	wow
actually	against	all	always	are	brings	but	chinese	countries	different	doesn	each	english	fight	happy	humanity	kid	listen	loves	many	mom	now	other	played	races	remember	said	see	she	something	still	there	till	together	ugly	understand	us	we	weeping	which
by	changed	gone	good	had	has	how	looking	makes	much	rather	sad	seem	times	today
cant	father	first	found	gradually	help	just	kid	listen	lyrics	many	music	now	passed	room	stop	tape	tears	understand
among	an	as	bought	brand	buy	can	cheap	cool	country	current	days	display	easter	egg	enough	even	feature	first	gather	go	had	higher	included	inside	lacks	listen	lyrics	managed	money	mp3	music	ones	play	player	remember	sadly	something	sorts	struggling	teenager	today	very	which
as	by	did	expect	gives	goes	he	if	just	listener	not	passed	past	quickly	recalling	serenity	silence	yesterday
am	appreciate	can	childhood	due	eighteen	eleven	family	first	great	happy	how	just	knew	listened	lyrics	melody	nice	now	only	or	pain	resonate	strongly	struggling	studies	ten	then	those	times	voice	with
alive	all	am	brings	felt	great	had	life	stell	then
at	ballroom	best	capital	dancing	disco	dj	edwards	friday	greg	jesus	london	night	radios	remember	town	with
childhood	lots
3pm	brother	busting	everyone	flick	friends	handball	high	home	neighborhood	playing	remember	saturday	shaw	tail	until	watch	with
birmingham	blades	days	good	old	reminds	silver	sundays
14	15	at	bar	barman	came	feed	jukebox	keep	knew	loved	much	never	only	or	out	over	playing	pop	she	uk
2019	absolutely	always	be	brings	dad	day	forever	july	life	little	miss	much	playing	rip	saddest	will
band	bringing	darlington	done	england	fabulous	great	lovely	shirley	thank	well	what
1963	1965	1979	57	age	all	am	are	at	but	climb	comes	did	do	feel	from	go	hear	into	is	listening	little	machine	many	moves	music	not	now	people	press	respects	see	stuff	there	today	very	want	way	what
60s	again	amazing	are	as	before	born	came	can	captial	every	gold	grow	harmonys	just	listen	mum	music	out	over	sunday	their	up	with
1966	45	again	among	are	best	bought	certainly	day	exciting	faces	full	genuine	get	great	harmonies	hollies	is	its	music	never	old	over	perfect	perform	played	player	pleasure	record	rousing	singers	smiles	soaring	still	teenage	them	thirteen	tired	very	watch	wonderful
as	because	bobby	by	can	drumming	drums	elliott	great	heard	hollies	immediately	little	much	never	now	oh	older	or	over	perfect	playing	records	remember	say	singing	sisters	struck	teenager	too	tried	twenty	what	while	yes	young
carl	nostalgic	thank
10	45rpm	bringing	brother	favorite	home	record	remember	yardbirds
all	away	best	brings	british	fast	great	had	high	invasion	music	school	slipped	some	too
about	against	beatles	beginnings	burn	did	doob	establishment	first	good	guard	guys	high	if	kids	listening	makes	most	music	not	old	protest	revolt	school	singing	soldiers	sort	still	these	thing	too	were	what	witnessing	yarbirds	youth
12	1966	are	but	cats	deserved	given	great	music	musically	never	old	only	priceless	props	rightly	their	then	these	they	way	were	yardbirds	year
brings	timeless
favorite	first	husband	met	never	now	or	takes
after	albums	all	always	away	awesome	been	best	books	brother	elvis	ever	few	freaking	from	got	had	handsome	have	he	his	history	intrigued	just	library	made	man	millions	one	out	passed	peace	presley	read	records	rest	songs	then	there	with
air	before	great	lot	play	popular	senior	summer	year
child	compassionate	confessing	each	every	feelings	filled	flashbacks	from	get	italy	living	other	southern	street	there	where	with
dad	he	heaven	kid	loved	miss	much	sung	used
am	car	dad	listening	old	remind	school	way
awesomeness	benson	brilliantly	but	george	glen	listen	many	pure	sang	singing	take
every	forever	happy	party	played	we	were	will	young
but	cassette	from	horrible	listened	quality	radio	recorded	recorder	remember	teenager
80	are	best	childhood	music	remembered
about	always	be	born	can	gentle	have	innocent	is	no	or	pure	sexuality	sing	singer	there	those	times	today	way	who	why	wish
80	90	always	best	brings	ever	from	good	great	is	music	old	such	youth
all	brings	dance	during	first	good	has	is	lasted	lot	played	sister	their	these	wedding
1985	80s	brings	find	into	looked	loved	released	swear	until
18	always	at	beautiful	but	fast	goes	had	listen
17	1987	beautiful	brings	him	just	like	much	old	then
1988	backyard	best	dance	friend	is	learning	remember	slow	summer
80s	beautiful	childhood	experienced	had	hahaha	happy	makes	music	one	takes	wow
40	80	90	brings	era	experience	glad	got	mid	much	now	sad	teenager
anyone	best	clock	could	else	get	happy	just	knowing	life	live	ll	messed	never	our	rest	thing	turn	up	we	wish	with
bring	build	can	machine	music	must	need	please	someone	we
ask	damn	dance	dances	high	jr	nerve	school	someone	takes	up
32	after	first	her	loving	many	met	mine	never	reconnected	stopped	we
80	as	change	feeling	gonna	its	nothing	same
1980	about	car	forget	happy	her	kill	lady	makes	miss	never	she	think	together	we	were	will	wreak
actually	boys	call	date	girl	happy	have	how	jobs	life	like	living	longer	make	marriage	mattered	money	no	now	path	phone	place	romance	sad	seemed	taken	things	we	worth	would
classics	days	favorite	is	one	reminds	those	timeless
beautiful	brings	first	heard	him	is	met	most	today	up	what	wife	woman
brings	childhood	good
all	brain	childhood	coming	great	is	life	youth
17	1987	aren	awesome	brings	hear	kids	lasted	raised	some	still	together	we	wedding	why	wonder
18	1988	again	fond	form	leaving	party	sixth	summer
80	are	at	best	boy	dancing	era	ever	girls	magic	one	parties	remember	songs	we	with	young
all	away	be	brings	but	didn	family	felt	friends	great	heart	know	last	many	moved	or	past	some	then	together	were	would
beautiful	close	cry	eyes	flashback	had	have	is	listening	most	still
12	at	beauty	forever	gave	girl	innocence	man	oh	old	puppy	recorded	released	serenity	stay	swore	tape	who	with	year
17	19	1987	30	50	almost	as	beach	beautiful	brought	did	each	exactly	girlfriend	gives	have	how	incredible	is	lot	many	mind	nostalgia	now	old	other	passed	running	same	such	video	watching	we	who	with	wonderful	young
80	90	best	life	miss	really
days	especially	makes	nostalgic	school
am	beautiful	brings	good	kind	music	thankful	very	younger
17	about	although	always	at	came	didn	ever	going	holiday	italy	know	loved	now	or	really	remember	restaurant	since	tv	ve	what
days	heard	man	miss	stomach	those	turned
again	days	these	were	wish
are	bits	brings	chick	ever	get	gone	got	hats	live	never	old	phone	school	were	young	your
40	about	after	always	am	be	because	boy	brought	come	doe	eyed	fell	flies	future	he	him	his	innocent	knew	man	must	name	never	now	old	optimistic	school	seemed	still	tv	watch	with	would
18	30	80	after	again	ago	better	but	can	first	he	high	is	music	never	nothing	now	our	school	sing	singing	succeed	sweetheart	than	they	true	try	used	with
beautiful	days	happy	her	holiday	listening	many	miss	much	mum	reminds
first	girl	good	made	mix	tape
80	anymore	are	don	feel	fun	glen	him	his	is	like	making	music	no	nostalgic	oh	recently	singer	sweet	there	very	why
80s	build	go	machine	need
didn	grow	have	legendary	many	old	up	wish
80s	always	best	brings	could	go	good	how	life	many	music	will	wish
80	brother	drive	from	good	lake	reminds	reservation	roads	sunrise	times	use
80s	90s	boy	brings	changed	could	go	have	how	many	miss	things	wish
14	1966	beautiful	brings	faces	fantastic	john	live	old	rip	scott	thank	version	voices
60s	absolutely	brilliant	brothers	came	escape	fire	handsome	into	reminds	ritz	saw	teenager	them	they	up	very	walker	we	went	were	where	wife	young
brings	from	great	teenager
50	best	music	take	thanks
best	life	please	take	times
60s	as	beautiful	came	colors	down	fantastic	girl	hendricks	hippy	is	jees	jimmie	john	lady	loved	omg	place	same	screamed	see	shouted	them	they	uk	wearing	went	were	who
could	go	know	now	what	wish
14	an	at	being	childhood	faithfully	go	him	marry	not	option	ready	scott	steady	thanks	totally	unfortunately	walker	wanted	watched	with	wonderful
again	almost	as	be	brings	is	listen	many	never	painful	period	will
13	be	calypso	dances	doing	girls	going	great	has	hit	line	long	man	old	passionate	remember	romantic	school	singing	there	voice	what	would	year
child	feel	music	nostalgic	thank	very
60	brings	england	every	go	loved	minute	ready	steady	teen	theicewitch54	watched	while	wonderful
brilliant	favorite	great	its	listening	little	mom	mums	remember	voice	with
60s	at	bought	brilliant	concert	denisex	distant	during	going	hemel	hempstead	hit	life	live	pav	pavillion	performed	pop	remember	sharing	summer	thanks	their	top	warm	wishes
best	grew	happy	one	up	with
60	all	along	at	being	bliss	great	mums	radio	right	she	sheer	side	sing	songs	takes	were	would
1966	certainly	changed	got	hair	have	hey	high	kicked	long	out	school	wearing
brings	happy	many
2019	60	are	awesome	bands	best	brothers	but	else	endless	energies	era	etched	experiences	gary	gone	hearts	high	john	most	music	nothing	our	raised	re	rip	rock	roll	school	scott	songs	their	them	these	walker	yes	youth
10	16	53	as	came	crush	days	feeling	found	girlfriend	got	had	hearing	heartache	just	later	listening	lyrics	miss	music	now	old	out	really	remember	same	sign	those	true	were	who	written	year
2019	60	attached	being	can	go	goosebumps	many	melodrama	sept	teenager
attached	big	come	did	know	little	many	mysterious	place	teens	then	what	wonderful	world
best	can	days	go	had	life	much	music	now	one	please	real	simpler	then	they	those	too
absolutely	again	all	can	days	get	how	is	miss	never	sad	there	those
60	70	alive	felt	miss	much	optimistic	really
brings	favorites	lovely	new	old	one	timeless
anymore	because	broke	eyes	first	going	heart	listening	not	rise	sun	takes	tears	thought	yeah
again	big	could	give	miss	much	reminds	see	sister	whatever	would
10	63	are	brilliant	cam	certainly	classic	era	from	great	hits	is	listening	many	now	one	out	them	there	tune
66	almost	always	at	bar	beggar	blind	box	classic	cornell	days	early	forehead	george	have	he	him	innocent	is	juke	killing	kray	loved	march	old	outright	playing	reminds	ronnie	sat	shot	straight	those	through	timeless	while
brings	brought	called	crap	eyes	grandchild	many	tears
brought	crazy	non	played	some	stop	teen	thank
as	audio	cassette	child	first	had	listening	rap	tape
brings	germany	jam	listening	stationed	still	wonderful
best	life	music	takes	way	wise
came	club	day	days	good	jumping	old
all	can	club	go	played	remember	teen	texas	they	used
80	brings	club	days
but	cool	don	guy	like	lil	little	look	man	miss	oh	one	wayne
80s	great	how	just	take
could	damn	days	go	these	wish
90	90s	all	boy	dance	dancing	do	fiance	floor	generation	just	last	man	miss	new	night	not	take
days	girls	school	singing	takes
at	beats	better	cant	gardens	god	much	old	roller	rolling	school	skating	takes	then	top	were
at	def	down	good	listening	remember	reminiscing	rink	skating	times	too	track
ah	as	brings	came	classic	damn	dance	dope	floor	friends	hell	here	high	is	literally	many	out	right	school	shit	tear	track	up	use
ah	awesome	brings	good	rink	skating	times
been	brings	came	day	everybody	fl	good	got	groups	have	looking	lot	man	name	never	new	now	one	out	thanks	there	tyndal
1988	am	anyway	because	brings	chance	every	got	hating	is	jams	kind	not	one	rapping	rocking	then	what	whatever
70	can	everything	from	miss	more	say	than
80	best	brings	childhood	they	times	were
70s	all	bath	bathing	dad	he	little	mom	precious	real	sing	us	used	we	were	while
being	girl	listening	little	parents	reminds	with
2009	6th	away	became	boyfriend	but	cassette	ex	first	grade	has	he	him	husband	late	later	listen	lol	miss	our	pass	sent	since	think	use	whenever
80s	at	because	car	deceased	didn	each	favorite	getting	give	hard	her	knew	know	listen	mother	now	other	out	really	she	sing	something	turn	up	used	usually	we	what	with
1980	40	about	age	an	be	blink	brings	came	cat	childhood	doggo	early	enough	even	existed	eye	feels	first	forgotten	gives	had	her	if	ish	lady	like	little	live	ll	long	lovely	lucky	nostalgia	now	old	out	probably	right	saw	serenading	such	sweet	until	warm	yesterday
big	brings	can	hit	makes	many	more	say	than	words
day	miss	old	really
2019	at	broken	first	goodbye	he	heart	here	high	moving	out	reminds	saying	school	state	truly
childhood	father	listen	often	remember	sings
2019	but	feels	fresh	many	past	relate	songs	with	wonderful
takes	teenager	wow
feeling	omg	thanks	throw
carefree	days	joyful	leo	old	remind	thank	yes
brings	broadcasting	classic	corp	day	enjoy	excellent	hear	srilanka	used	youth
30	after	again	apropos	first	gives	goodness	innocent	listening	nice	reminds	smile
2019	am	at	but	january	little	looking	next	nothing	parents	playing	radio	remember	seat	sister	sitting
eyes	nostalgic	tears
be	dad	inhaling	listen	nostalgia	soon	there	would
as	at	danced	happy	high	maine	our	portland	roller	school	skated	sweethearts	we	wedding	well	were	wife
80s	being	humming	nostalgia	proud	young
another	garbage	great	is	makes	miss	past	today	world
after	every	father	kid	liked	miss	moment	morning	open	school
14	all	brings	danube	exactly	falling	feeling	first	girl	hand	kiss	like	listening	long	old	shores	summer	tied	with	year
after	birthday	care	her	is	ladies	miss	mum	one	remember	school	shelter	singing	sister	tasmania	tassie	those	with	women	wow
62	best	but	chevy	dad	driving	ever	flatbed	forgotten	has	his	lol	middle	mom	momma	not	old	only	passed	remember	rip	say	stood	while	would	wow
brings	heart	mind	sweet	thank
60s	70s	80s	beat	getting	nostalgic	nothing	songs
good	her	remember	sang	young
childhood	remind
are	before	day	ever	every	feeling	fresh	gives	green	his	leaving	leo	loved	play	remember	sayer	school	single	songs	tracks	wow
1980	20	at	different	drove	from	girlfriend	great	heard	indiana	least	phoenix	radio	stations	there	way
better	brings	good	many	much	songs	thank	then	were
friend	girl	high	remember	school
1980	all	discos	had	machine	play	pubs	they	used	wish
ago	days	many	mine	missed	moons	younger
bring	good
brings	classic	many	mate	thank
50	60	70	80	all	being	better	brings	could	feelings	from	had	hear	inside	life	miss	music	older	place	radio	songs	sung	these	touched	understand	words
always	dad	growing	miss	mom	played	up
60s	70s	always	dad	drives	every	he	really	turns
above	all	an	bitter	bringing	cherished	enormous	many	sweet	yup
at	because	born	brings	date	days	had	how	just	later	miss	music	never	oh	real	those	well
13	ago	at	boyfriend	cause	cry	field	had	him	just	long	loud	myself	old	or	out	over	reminded	sing	trips	used
1954	age	anyone	as	at	aware	be	been	born	captured	commented	elvis	emulate	even	gifted	grandmother	has	have	he	his	imagination	many	music	never	or	others	popular	presence	presentation	really	sound	started	still	there	through	today	voice	who
21	28	after	bought	car	cd	crying	divorce	down	driving	ended	first	had	is	later	loud	marriage	remember	rolled	still	turning	up	very	windows
