16years	age	although	at	can	days	emotional	fan	feel	golden	hear	his	jim	life	lord	loving	many	now	reeves	relaxed	singer	singers	still	thank	those	time	voice	vouch	we
1st	2nd	30	are	back	be	blessing	came	can	convince	day	december	from	god	granted	greatest	hope	later	leave	life	lou	man	marry	mary	me	nam	now	pray	reality	receive	served	some	thank	tour	viet	when	who	years
always	are	heart	wherever
always	be	can	close	come	elvis	his	king	no	number	place	taking	will
anytime	be	begin	bet	could	future	generation	goes	hit	if	ill	new	on	play	radio	still	they
am	father	jim	listen	now	reeves	remember	used	when	young
as	beared	coffin	crematorium	father	favorites	has	him	into	late	meaning	played	singer	special	time	top	tribute	very
100	29	along	as	at	boxer	by	college	come	could	daddy	eric	from	generation	grandma	grandpa	guess	heard	him	his	jim	least	man	maybe	mine	mr	mummy	myanmar	next	no	now	old	presented	reeves	sing	singer	sir	songs	top	well	which	wonderful	years
again	as	elvis	entertainment	nothing	now	then	there
be	best	blues	country	elvis	ever	heart	if	no	rhythm	rock	roll	soul	there	were	will	would
baby	blow	guaranteed	mind	part	steam	your
absolutely	elvis	forever	him	lord	made	off	really	showing	when	will
different	enjoy	familys	generations	hear	quality	true
could	favorite	forever	him	listen	singer	time
any	anytime	beautiful	distant	drums	emotions	especially	eved	get	hear	his	jim	overcome	reeves	songs	teary	very
beautiful	die	ever	every	his	know	loved	made	man	mother	much	never	played	sounds	think	will	word
best	country	lovey	singers	time	voice
60	heart	melts	prepare	rocker	sound	usually
absolutely	appreciate	at	boast	brilliant	can	days	element	enjoyed	good	his	jim	least	now	older	people	posting	thanks	video	when	who	yes
across	beautiful	come	first	innocent	jim	live	long	more	reeves	reminds	rightly	their	think	thread	time	united	us	ve	voice
about	as	boy	by	elder	favorites	girl	him	interpretation	little	mother	number	on	plausible	put	raise	says	sisters	someone	think	three	tom	treat	very	who	whose
boy	brought	early	girl	knew	think	up	when	who
boy	favorite	many	songs	still	they
1967	anyone	around	audio	book	erudite	fantastic	listening	now	pete	rather	reading	recommend	right	spoken	version	very	well
another	away	calling	dear	different	distant	drums	favorite	flowing	gone	heard	her	jim	meaning	mum	now	oh	on	reeves	she	songs	sound	takes	tears
always	amazing	classic	drumming	heart	known	lifts	little	sensational
amazing	an	before	heard	never	rhythm	voice	wow
about	changed	controlling	four	mine	name	or	parents	three	when	who
asked	can	childhood	friends	just	listen	me	mom	now	seen	she	sing	singing	something	started	stop	today
100	along	beatles	best	classic	dylan	even	from	now	on	over	played	stones	will	years
album	be	could	doubt	ever	greatest	handedly	has	its	just	me	no	only	single	story	tommy	unbelievable	who	work
barry	been	brilliant	done	had	if	me	mix	motown	nice	orchestra	palmer	reminds	robert	such	too	unlimited	ve	version	white	would
back	builds	crescendo	favorites	magnificent	matched	or	rarely	then	time	today
band	broken	fell	first	heard	hearted	hit	home	me	on	really	road	time
amazing	an	before	heard	never	rhythm	voice	wow
60s	90s	about	alive	appreciate	around	back	be	cut	day	do	don	enjoy	enthusiastic	ever	folks	get	god	grown	hardly	magic	man	meaning	no	oh	play	playing	short	something	talking	then	they	through	uhh	wanna	we	when
anyone	beat	can	classic	does	drummer	find	know	on	thanks	who
amazing	background	classics	credit	deserved	did	dramatic	got	most	never	on	orchestrators	pop	powerful	probably	sharing	songs	thank	these	they	work	youth
before	don	dropped	found	go	let	trailer	week
am	any	cause	good	here	listen	must	not	other	parents	phones	them
always	at	called	camels	desert	don	east	go	hear	job	let	lol	makes	me	middle	or	parts	saw	side	think	till	trailer	wondered	world
days	don	hears	its	now	sad	songs	these	we	words
am	here	him	listen	look	me	mom	told	up
elvis	forever	live	long	many	miss	never	singers	why	will	world
along	beautiful	cry	emotion	every	family	his	king	live	long	makes	me	much	pics	single	those	time
generation	generations	just	lived	prefer	than	wish
before	guess	how	just	late	leave	most	much	really	someone	tell	them	too	us	we
about	amazing	away	because	care	chance	ever	girl	give	hard	keep	lost	me	met	more	most	ones	pushing	satisfied	showing	such	them	time
able	been	fulfill	gentle	go	had	her	him	his	left	life	lisa	loved	marie	princilla	sad	soul	started	think	when	wish	wrong
elvis	get	him	jackson	michael	never	presley	sad	see	time	wish
always	awesome	be	been	favorite	greatest	loss	singer	will	world
16	always	amazing	had	him	listen	old	only	people	ve	years
alone	any	because	can	die	do	going	grew	hard	her	how	learned	little	loved	never	or	probably	relationship	say	show	them	things	told	up	whenever	woman
barbiedolly	before	didn	get	glich	little	maybe	meant	there	too
2nd	age	build	came	grade	memory	movie	only	out	treasure	when	your	youth
attention	classic	joint	life	lyrics	many	much	pay	relates	situations	very	why
feel	given	helps	inspirational	me	up	very	when
amazing	bass	brothers	david	don	forget	funk	give	greatest	had	hear	jamie	jamison	levi	man	marvin	motown	others	smokey	stubbs	thanks	there	tops	troubled	underrated	up	voices	were
age	at	had	his	legend	man	much	old	power	seventeen	soul	such	vocal	voice	years	young
17	as	at	by	davis	goes	maybe	now	old	only	primary	school	son	spencer	steve	teacher	there	think	way	well	while	who	winwood	wrote
16	age	believe	good	hard	old	really	said	someone	there	years
blow	if	out	sing	tried	tune	voice
black	come	got	if	natural	not	out	soul	thing
are	aren	band	now	or	popular	really	recognized	shame	smashing	songs	they	too
60	comments	had	idea	loved	no	read	singing	stevie	until	winwood	your
100	absolutely	beautiful	excellence	gold	life	line	masterpiece	memories	phenomenal	pure	solid	sound	standard	talent	top
appreciated	beyond	few	his	invent	machine	now	people	please	realize	somebody	soulful	steve	teens	time	under	virtuoso	younger
1967	ago	from	long	nothing	now	nowadays	peace	there	think	time	touch	wow
always	best	better	case	first	from	get	give	on	only	point	rest	shot	time	told	will	your
discover	fabulous	group	hear	not	often	share	such	thank	voice	wow
22	60	adaline	age	ask	band	brought	daughter	enjoying	evening	here	me	movie	she	viewing	when	who	youngest
bad	favorite	heard	merle	never	then	too	version
about	before	executed	exists	family	his	home	man	past	reminiscing	sad	tells
14	am	first	grandma	introduced	now	only	shall	still	thank	when
always	by	her	know	laura	name	sing	thomas	tommy
1960	as	do	finest	hit	me	out	really	single	singles	stands
get	happened	hit	lost	lovely	many	though	voice	wonder
can	enjoy	nice	relax
friend	keeps	laura	me	name	on	singing
appreciate	can	me	out	shout	teens	tunes
brilliant	highlights	really	tragedy	well
17th	be	because	coincidence	ever	favourite	happens	laura	name	such
as	cheap	compilation	decent	laura	never	park	pictured	skank	trailer	until	version	video
anymore	comfort	create	do	had	knowing	laura	maybe	not	people	personal	sorrow	thing	who
better	can	crap	grew	hear	now	songs	sort	than	these	up	words
be	best	created	ever	forgotten	never	should
are	cases	finished	half	lyrics	only	others	some	video	wrong
1960	century	certainly	lady	much	not	she	very	video	vintage	young
any	calmer	day	days	do	good	made	make	nice	not	now	songs	such	they	words
bear	do	name	sad	seem	songs	why
about	are	be	careful	entertainer	greatest	our	person	please	say	talking	thank	time	who
concert	greatest	history
gorgeous	heart	man	melt	voice	would	your
called	good	had	how	king	known	rated	still	under	wish
can	delivery	face	from	high	his	how	last	much	notes	part	satisfied	see	sings	those	voice	when
american	artist	away	blues	doubt	from	greatest	here	his	james	lifetime	listened	make	may	maybe	mock	most	no	nothing	prolific	said	statement	take	taylor	thing	three	time	times	tune	ve	version	when	white	writers	written
awesome	be	coolest	elvis	ever	his	most	name	person	sung
be	best	could	ever	him	just	live	me	once	seen	there	will	wish
at	been	concert	elvis	enjoying	fine	gone	had	over	priscilla	ride	year
certainly	earth	fella	gorgeous	him	his	however	imaging	just	left	lol	looking	mark	me	now	over	right	soon	stunning	too
awesome	best	blues	by	comparison	do	doubt	genres	incredible	man	many	most	mr	no	not	only	presley	really	singer	singing	still	were	world
always	at	beginning	forever	how	king	know	laughs	looks	side	then	thinking	would
background	blues	elvis	hear	on	parody	period	playing
bluesy	comfortable	definitely	down	his	low	most	style	think
bless	elvis	forever	friend	god	greatest	miss	now	then	we
angel	artist	concerts	died	earth	effort	eyes	from	god	greatest	handsome	his	man	most	much	on	peace	rest	see	sufferience	too	unique	voice	why	young
be	did	masterpiece	minutes	never	or	over	perfect	recoding	studio	why	wonder	would
again	always	back	be	because	can	coming	else	elvis	forever	gone	heard	its	keep	life	no	now	other	our	some	special	there	time	too	very	video	videos
be	can	cover	elvis	forget	harmonica	key	look	making	never	on	played	soooo	tune	we	will	your
absolutely	are	band	bless	burton	elvis	entertainer	fantastic	forever	glen	god	greatest	hardin	heart	heaven	james	over	singer	tcb	time	vocalist	world
fantastic	greatest	performance	time	voice
amazing	another	as	back	been	bone	brilliant	call	come	do	get	his	how	interpreter	liked	many	masterpiece	me	not	proof	them	there	together	work	wrong	yet
beautiful	biggest	elvis	handsome	history	hot	most	sexy	singer
by	close	come	elvis	entertainer	ever	god	greatest	here	man	no	peace	rest	see	sent	who	will	world
40	burton	elvis	from	james	must	nelson	old	over	rickey	rocks	stolen	years
always	are	be	compared	has	here	him	his	if	king	more	not	nothing	others	stealing	still	they	will	would
any	better	can	fantastic	favorites	get	gold	perfect	pure
adam	backing	barry	faith	from	good	john	made	orchestra	pizzicato	pop	really	records	singer	strings	superb	technically	use	wasn
50s	60s	about	always	as	born	elvis	emotion	genuine	grew	heartfelt	late	more	orbison	preferred	raved	roy	songs	sung	thank	they	thought	uncles	up	were
based	been	best	favorite	feeling	generation	his	if	known	on	performer	popularity	roy	solely	sure	talent	ve	were	would
50	60	from	no	songs	soul	there	today	unlike
baritone	bass	complexing	did	his	if	know	not	or	singer	soprano	talented	tenor	voice
about	alone	being	bit	depressed	feeling	know	listened	lonely	not	now	right	roy	then
classic	continue	enjoy	his	legacy	live	lonely	on	only	we	will	work
agree	big	completely	converts	expression	feelings	from	into	lyrics	nice	stuff	thanks
16	artists	daughter	exposed	good	her	knew	loves	never	old	on	orbison	right	rock	roll	she	until	year
16	age	begin	day	hope	kind	old	really	those	which	will	wonderful	wow	years
bless	don	fantastic	god	know	missed	ones	roy	singer	they	young
1988	about	amazing	away	be	been	bournemout	bournemouth	brings	by	centre	december	eyes	first	forgotton	his	home	january	ll	never	passed	pavillion	rip	road	roy	start	tears	tour	town	truly	uk	venue	way	when	would
at	be	both	boys	burnt	cash	die	door	down	family	henderson	house	jr	location	looking	man	never	next	old	performer	person	roy	sir	site	stood	tennessee	their	visited	will	wonderful	yes
always	classics	pleasure	stumble	upon
an	cherish	forever	forget	his	magnificent	man	never	orbison	roy	will	your
50s	60s	beat	beautiful	early	has	late	period	totally	unique
awesome	had	his	own	range	style
drinking	him	invent	listen	live	machine	made	mediterranean	oh	please	self	time	want
100	agree	always	back	could	live	then	wished
ago	english	homework	just	looked	minutes	now	searched	up
ago	are	at	away	can	cry	dare	do	feelings	from	germany	listen	make	man	more	mum	passed	seldom	songs	then	there	totally	two	understand	very	vulnerable	when	years	your
any	doesn	folks	glad	has	hear	heart	hope	just	maybe	played	real	rock	roll	some	stuff	today	world	young
about	ago	album	always	an	as	baby	be	dig	ended	find	know	ll	long	moved	not	on	out	re	remember	sure	talking	think	through	will	years	your
actually	back	had	sing	when
country	now	wished
again	believe	country	god	hear	junk	never	play	radio	real	rock	sirius	sucks	thank	they	today	true	we	will	youtube
beautiful	by	country	disc	ever	gold	hank	him	locklin	most	recorded	selling	single	songs	top
ain	classics	country	do	just	no	not	old	stuff	these
always	another	believe	cramer	delivery	distinctive	do	floyd	had	ivorys	legend	locklin	loved	on	such	voice
25	anything	can	classic	country	ever	favorite	go	stand	today
dad	kind	mom
17	am	falling	old	school	years
about	banging	dad	from	got	incredible	kitchen	out	recordings	still	when
about	an	country	heard	hits	infomercial	jukebox	on	tv
amen	best	blessing	come	everyone	god	him	his	knows	many	really	who	years	yet
classic	country	did	hank	hits	many	thank	well
comment	ever	funniest	lmao	on	saw	youtube
facebook	has	just	let	lie	liked	me	no	on	only	photo	post	ricky	shared	youtube
friend	girl	laura	nice	very	young
bad	hates	laura	mood	she	sing	sister	when
after	at	grandparents	least	means	named	not	quite	something	still	why
background	barely	listen	no	nowadays	words	wow
just	listening	old	songs	those
childhood	didn	friends	grandpa	serious	think
best	fogerty	has	john	still	think	version
first	gladys	heard	hearing	knights	time	version
are	could	get	john	listen	never	over	right	tired
favorites	much	sharing	thank	time
always	been	don	favorites	has	make	posting	shame	sure	thank	them	they	used
awesome	better	country	dies	get	just	never	old	really
behind	childhood	favorite	man	screen	sharing	thank
anybody	by	does	don	know	nice	on	piano	posting	robertson	thanks	video	way
enjoy	listening	old	posting	really	songs	thanks	wonderful
can	country	down	fans	fashioned	good	keep	many	old	post	see	thanks	young
again	am	back	once	real	replying	some	sound	time
at	best	country	hear	how	its	many	matter	no	pop	times
about	after	anyone	as	be	could	faithful	infidelity	know	losing	lyrics	make	married	sentiment	temptation	think	true	uncomfortable	will
locklin	only	opinion	too	version	well
don	here	make	nowadays	performance	rock	stars	they	used
27	country	don	good	people	real	taste
anymore	country	don	get	happened	isn	just	mean	some	today
days	do	don	hip	let	life	low	meaning	now	over	pop	rap	take	we	why
after	am	appreciate	ask	convinced	even	heart	listening	man	stone	times	transplant	would
can	dance	daughter	old	only	she	years
am	best	better	englebert	feel	feeling	friend	hear	his	low	once	songs	when
could	last	someone	special	waltz	wish
also	beautiful	could	forever	handsome	his	me	now	then	touching	voice
artist	became	don	explain	feelings	global	know	legend	star	start	suddenly	superstar	then	true	voice	where	who	wonderful
best	better	brilliant	come	course	don	englebert	me	much	sung	than	they	well
again	beautiful	doc	fall	peace	would
can	change	old	songs
always	happy	make	me	nice
actually	age	describes	golden	how	melody	such
as	beautiful	could	darling	didn	god	know	make
beautiful	by	englebert	ever	most	only	songs	think
beautiful	belongs	by	everyone	legend	loves	sang	true	who
at	dance	someday	wedding	would
after	any	beautiful	compose	decades	do	many	memorable	not	nowadays	songs	they	touching
around	brought	come	dancing	family	favorite	first	here	just	me	strickly	time
also	any	are	as	by	nice	passed	same	songs	still	time	whenever
any	beautiful	can	genre	how	just	lover	not
10	11	amazing	amazingly	an	beautiful	dance	feel	getting	just	lyrics	makes	mesmerizing	much	on	sharing	such	superb	thx	undoubtedly	up	voice	waltz
ago	always	beautiful	come	concert	days	dream	few	his	see	true	very
always	been	best	his	life	me	part	singer	songs	they
be	ever	got	has	most	peace	romantic	songs	sweetest	wow
break	everyday	life	lonely	man	me	start	then	up	wake	without
1967	beautiful	blasted	by	cassani	comes	course	engelbert	from	innamoro	into	italian	maro	melody	obscure	original	panzeri	parrot	quando	really	records	stratosphere	then	think	version
beauty	can	grandmother	his	loved	pure	understand	why
artist	beautiful	favorite	grew	know	lyrics	mom	songs	still	these	up
14	beautiful	cousin	family	favorite	from	hear	know	learn	old	our	when	yrs
ever	existed	has	magnificent	most	voices
are	artists	by	classic	found	generations	just	modern	out	some	songs	sung	these	today	were
could	make	more	songs	they	today	wish
forget	me	never	no	on	out	record	when	wife	will
any	both	cloudy	freedom	from	loved	mornings	ones	presence
ever	forever	mankind	ones	songs	stay	those
age	always	called	describes	golden	loved	many	old	us	years
2019	classic	ever	happened	listening	romantic
am	even	genre	listening	meaning	not	nowadays	still	teen
arms	cause	day	hold	loving	make	me	no	painful	till	ve
beautiful	from	get	grew	listening	most	never	number	soulful	tired	up	voices	world
be	cloud	computing	lost	mans	never	songs	thanks	time	will
amazing	classic	thank	truly	uploading	voice
again	break	don	everyday	if	not	sleep	try	up	wake	want
class	eurovision	its	just	re	recorded	should
at	can	days	looking	lyrics	old	power	sing	without
bless	care	family	god	good	got	lovely	sing	singer	take	them	too	wife	your
irreplaceable	untouchable	very
don	else	good	guys	just	know	off	please	profiting	someone	songs	talent	video
about	as	be	best	can	cruel	ended	ever	ironic	life	made	punishment	reckon	sing	singer	up	wish
as	its	lonely	man	not	without
are	beauty	broken	can	heart	only	real	those	understand	who
again	anymore	appreciate	are	between	clip	days	don	each	every	everyone	far	feedback	few	has	hi	just	left	make	memories	messages	read	thanks	them	these	they
class	crafted	massively	musicians	perfectly	performed	pop	real	underrated
big	can	catchy	harmonies	hear	hum	intro	lovely	once	pop	proper	record	sing	tune
guy	happy	sings	tune	when
70s	best	class	come	ever	out	pop	songs	such	written
2019	feel	happy	january	listening	make	me
1st	am	any	classics	clubs	europe	germany	hey	honeymoon	in2	message	on	our	play	thanks	these	time	tips	weeks
comments	editing	make	posting	thanks	these	video	watching
almost	an	ignore	impossible	intoxicating	intro	naturally
can	eat	etc	good	harmonies	heart	lyrics	out	sing	singers	your
be	classic	dance	hits	millions	really	should	soul	up
an	classic	ever	intro	masterpiece	match	never	will
1st	accurate	daughters	describing	elle	especially	every	grace	heard	her	just	lyrics	may	name	old	she	single	time	tune	written
always	as	follow	harmonies	just	little	made	maker	number	trust	uk	up	will
any	be	better	intro	nice	orchestration	singing	tune	without	would
beautiful	compose	could	guys	most	those
don	if	something	there	wrong
appreciated	carolinas	only	really
by	dying	eh	heart	slowly	words
are	beautiful	her	too	vocals	words
consolation	early	far	find	hope	katharina	learn	loss	some	sorry	sweet	too	your
50	60	80	can	hear	heaven	her	loved	proper	ruby	singers	still	thank	we	youtube
beautiful	been	hit	should	usa
beautiful	people	retarded	version
greatest	lady	singer	teresa	time
been	brewer	evening	fantastic	hill	lovely	mockingbird	ms	nice	on	spend	talented	woman	would
50	are	be	beautiful	bird	brewer	covers	dinah	early	ford	hill	hits	instead	interpretation	into	late	les	lullaby	mary	miller	missed	mitch	mocking	original	page	patti	paul	sad	sang	she	shore	sing	sixties	sleepy	some	something	still	teresa	today	up	using	wake	were	will	wrong
be	called	hill	if	mockingbird	place	there	would
america	anymore	found	icon	not	rip	singers
another	her	loved	recordings	songs	thank	wonderful
favorite	has	her	lady	listening	lovely	mind	peace	voice
cheezoid	complex	glad	likes	lol	me	not	now	only	something	superiority	think	used	who	wrong
again	miss	no	teresa	voice	will
be	book	can	dynamite	little	miss	oldies	or	replaced	singers	topped
gentle	loping	nice	sweetest	teresa	version
could	do	docambra	don	give	if	just	notice	on	only	permission	remain	they	way	were	youtube
earth	ever	get	heaven	ll	nearest	on	we
almost	are	billy	earth	handsome	its	much	no	on	out	sings	too	unbelievably	world
any	billy	by	come	copy	eckstine	gras	has	mardi
their	unique	vaughan	voices	were
always	beautiful	his	loved	voice
beautiful	don	get	gives	goosebumps	handsome	lovely	man	me	much	out	play	re	such	them	when	world
close	eyes	follow	just	listen	perfect	your
1954	another	as	billy	by	called	classic	eckstine	from	him	hit	no	single	timeless	top
could	handsome	heavenly	looks	man	met	wish
another	be	do	exquisite	him	justice	mans	never	no	posting	remarkable	thank	there	unique	voice	will	words	would
posting	thank	voice	wonderful
any	by	from	male	recordings	sinatraphile	singer	truly
beautiful	billy	ever	fabulous	most	singer	underrated	voice
1930	any	from	history	knew	lived	magic	most	time	who
any	beautiful	exquisite	know	mandolin	on	piece	played	who
anybody	better	ever	guy	than	there
be	him	his	no	renamed	rendition	should	voice	wonderful	wow
blood	carlos	flesh	movie	played	thompson	tune	wonderful
difference	hearing	keep	noisy	romantic	true	tunes	we
11	17	18	baby	days	girl	granddaughter	nine	today
at	end	head	makes	musical	slap
be	became	before	crap	day	enough	everywhere	listen	long	on	played	radio	respectable	rock	roll	used	we
as	be	good	naughty	pop	should
an	did	environmental	file	had	impact	she	statement	town
12	am	its	only	scary
everyone	hear	lot	should
am	belong	by	came	care	do	don	donald	epic	from	greeted	group	here	hillary	if	listen	message	not	or	pissed	political	they	trump	when
away	breath	exercise	just	literally	needs	says	son	takes	when	who	your
adult	back	be	beautiful	beings	bringing	brought	children	consider	future	given	hands	human	incredibly	instead	into	lies	names	new	playthings	scary	stupid	they	think	were	when	whose	world
always	baby	me	parents	told
an	baby	days	door	exactly	favorite	guy	has	him	listen	new	next	nine	old	time	told
can	cell	download	on	put	where
back	day	from	insinuations	just	lyric	no	real
50	boo	from	go	pop	pure	rock	roll	white
believe	can	dislike	new	still	there	when
connotations	could	days	different	lady	lane	naughty	shady	these	very	well
almost	couple	did	favorite	first	from	heard	her	lady	loved	lovely	met	often	play	rip	ruby	she	singer	still	such	time	times	voice
15	17	about	accident	best	bike	came	died	friend	from	his	jimmy	motor	name	nana	out	scary	she	story	very	when	year
always	beautiful	friend	goodbye	jimmy	sing	such	tell	when
because	channel	found	guessing	had	jerry	just	posted	said	songs	vale
ago	commented	didn	figured	first	jerry	know	long	on	seems	time	vale	where	would	yes
dance	daughter	go	her	living	loves	old	room	says	she	sing	sway	swing	we	weak	when	year
00	at	by	get	highest	leave	me	on	startled	up	volume
after	apart	beautiful	because	being	called	couple	el	en	fantastic	heaven	her	here	met	show	ti	us	used	work	years
16	anyone	can	him	legendary	me	na	name	old	please	singers	some	type
did	english	first	go	heard	later	learn	lyrics	only	said	say	sway	thought	time	we	weak	when
an	chocolate	cigar	coffee	cuban	disturbing	draw	faster	imagination	just	life	need	old	partner	without	world
are	at	better	cases	few	language	lyrics	new	not	original	than	translation	where
always	be	best	ever	more	only	singer	tech	us	we	will
am	are	bit	dancing	dean	down	favorite	feel	headphones	on	or	pretend	put	sad	we	when
many	new	out	versions	year
beautiful	before	by	do	father	its	know	lately	listened	loved	not	sang	sometimes	which	who
buble	dean	martin	michael	original	prefer	really	spanish	version	voice
bottle	can	carnations	champaign	come	heard	some	voice
at	curtis	discovering	just	least	now	photo	pleasant	resembles	thanks	tony	voice	youtube
as	backing	being	dickie	didn	good	his	looking	melodic	need	singer	singers	such	true	valentine	voice	well	who
me	new	performance	terrific
1958	big	charismatic	couple	crown	door	frankie	gilmorton	green	had	hits	hotel	local	original	sang	strength	tower	uk	vaughan	very
1952	1958	called	certain	comment	dickie	elvis	find	frankie	from	further	guy	international	male	mr	nme	now	poll	presley	previous	running	slot	some	taking	top	uk	valentine	vaughan	vocalist	vocalists	voted	years
best	billy	flowed	fury	isn	just	me	right	though	totally	unacceptable	version	voice	way
billy	did	fury	know	not	predating	there	version
about	charts	listed	march	not	on	popular	uk	us	very
channel	congratulation	discover	france	hello	its	much	on	pleasure	sharing	sincerely	thank	video	your
break	enjoy	heart	how	never	now	regret	songs	these	will
mans	not	stops	texting	when	whose	your
am	every	form	greetings	netherlands	play	time
done	not	original	release	well
actress	anyone	can	first	from	me	tell	video	who
be	fantastic	forgot	gorgeous	hello	never	she	voice	will	woman
almost	bring	can	eyes	life	sad	she	tears
actor	believe	crowd	end	first	had	image	movie	really	tragic
covered	if	listen	me	mean	world	would
best	course	ever	seen	video
60s	70s	alive	amazing	an	anymore	be	been	brenda	buried	ending	forever	forgotten	generation	god	happy	historical	know	lee	much	never	new	not	or	real	she	sironaca	songs	still	thank	these	very	would	youtube
inverted	men	not	nowadays	once	real	time	upon	women	world
always	listening	will
as	because	better	enjoy	even	everyday	last	treat
departs	everything	fades	when
about	emotional	feel	her	lyrics	more	much	voice
another	greatest	listen	oh	same	then	think
around	end	has	her	life	many	meaning	not	on	only	same	which	world
about	anything	are	can	done	everyone	forgets	help	here	hoping	know	lol	meaningful	might	no	not	outstanding	pay	person	put	repay	say	sees	selected	shots	single	time	together	wanted	who	work	your
brenda	could	day	lee	listen	not	singer	thanks	who	youtube
came	crap	felt	her	holy	just	me	next	on	right	serious
best	ever	on	seen	tube	video
actors	an	be	index	interesting	know	most	movies	see	them	those	would
how	many	people	relevant	wow
10m	change	communicate	fans	here	just	knowledge	lady	language	little	many	much	not	people	sironaca	thank	there	voices	way	we	without	wonderful
an	are	effect	enough	funny	had	has	hear	including	on	relationships	such	those	who
best	over	world
go	magic	only	sway	technique	we	weak	when
bless	dean	god	how	martin	may	much	soul	wonderful	your
at	dance	down	failing	fight	headphones	listening	platform	train	trying	up	urge	waiting	walk	xd
could	gold	man	only	pure	sing	who
bs	can	democrat	everytime	hear	sound	spewing	starts	violins
about	because	darkness	different	flower	guess	how	interpret	light	me	people	rising	sun	talk	things	words
always	child	especially	fantastic	from	had	her	loved	she	songs	such	voice	young
60s	70s	attraction	beauty	best	faces	full	natural
am	appreciate	ever	good	green	listener	much	on	sings	these	very	youtube
about	artist	at	birds	by	clip	do	don	get	has	mean	movie	no	people	she	showing	singing	sings	snow	stars	storm	sung	then	there	two
been	during	hanged	how	lived	lol	mind	never	probably	racism	remember	sometime	then	time	wish	would
big	can	every	girl	little	single	understand	voice	word
beautiful	heartbreak	makes	pain	sound	suckers
always	beautiful	do	from	handsome	look	more	much	past	people	present	why
beautiful	romantic	sad
at	better	davis	difference	feeling	good	her	least	made	makes	me	more	original	puts	seeing	she	skeeter	than	too	version	way
are	beautiful	days	intelligent	later	more	nicer	pretty	women
best	ever	heard	version	wonderful
cherish	every	moment	reason	should	we
beautiful	many	on	screen	silver	stars	thanks
again	although	beautiful	bogged	breaks	down	everything	feels	good	hear	if	live	recover	relationship	sad	says	some	takes	things	time	true	up	version	very	when	young
actors	brilliant	compilation	compliments	genius	greatest	hard	her	pure	screen	silver	sironaca	work
able	add	addition	age	barrymore	be	being	by	can	clift	could	credit	dean	didn	do	extra	few	ford	from	get	glen	golden	half	hollywood	if	james	john	ladd	list	me	men	montgomery	movie	name	nice	offhand	over	past	picture	re	running	shown	someone	sophia	spencer	stars	stills	stumped	though	tracy	veronica	video	wayne	well	without	women	wonderful	would
if	let	me	would
are	at	express	has	life	meaning	most	people	point	some	their	things	think	unable	understand	we	would
also	belief	first	god	life	nothing	reflects	without
advance	anyone	comment	corresponding	does	know	movies	pictures	please	tag	thank	time
27	cause	feel	how	incredible	kind	living	makes	me	missing	never	out	released	time	ve
always	are	from	not	planet	thought
are	blessing	divine	eternal	grace	hard	our	promise	receive	recognition	reward	see	selves	through	waiting	we	why	work
always	anything	could	doing	she	sing	sounded
bethesda	did	fallout	gaming	know	not	personally	playing	singing	started	thanks	until
as	goodnight	listened	much	songs	thank	thankfully
gold	me	recommended	some	youtube
actress	an	anyone	background	cigarette	clip	does	glass	hand	his	holds	know	man	name	over	photo	she
am	anything	be	broken	can	hearts	help	hurting	mended	sorry	time	will
best	brenda	collection	dopamine	hit	however	lee	little	otherwise	out	outstanding	place	real	seems	singers	world
be	if	names	nice	people	photos	posted	recognized	some	think	video	would
am	can	forgotten	hear	list	loved	not	rest	restore	she	sorry	who	your
always	be	here	real	really	slides	some	stars	these	too	were	will
beautiful	go	iconic	images	job	just	most	movies	perfect	seen	sironaca	special	these	they	ve	video	why
always	emotion	full	loving	person	singer	true	yes
150	at	blame	boring	cookie	crop	cutter	don	duration	emotion	entire	fry	get	how	many	mph	over	re	sing	singers	singing	teachers	they	use	vocal	young
at	came	could	experienced	out	really	time	wish
actresses	beautiful	by	did	distinguish	gone	look	me	more	not	years
about	actress	anyone	can	close	dark	does	face	featured	haired	half	her	know	on	see	thank	through	up	video	way	when	youtube
an	angel	anyone	by	dynamite	god	had	has	just	little	me	men	miss	no	peace	second	sent	she	some	us	voice	voices	women
could	emotion	interpretation	lot	really	sing	woman	wow
angel	dreaming	human	me	slap	some	up	wake
expressions	face	fits	new	nice	pictures	put	story	tell	their	those	very	video	whole
around	chen	end	genuinely	listening	never	peter	sung	touching	when	will	world
be	beautiful	briefly	can	feeling	from	glad	heart	her	joy	just	leave	left	life	shared	she	us	voice	we
beautiful	moments	much	thank	these
absolutely	come	gut	her	hit	lot	monumental	quite	sang	she	sorry	unusual	ve	version	very	voice	which
are	arrangement	distraction	huge	images	jumping	poor
best	brilliant	changes	even	everyone	feel	good	happen	happened	heart	its	lost	makes	really	sad	still	things	thinking	will	wish
before	ever	had	hear	such	touching	wonderful	words
full	give	melancholy	songs	sorrow	these	use
as	come	devastated	does	feels	if	not	really	stops	time	times	when	world	yet
as	believe	can	could	dynamite	few	her	little	modern	perform	she	singer	superb	today	very
beautiful	couples	heavenly	legends	many	overlapped	screen
again	hear	kind	melody	never	performance	unbelievable	will
always	anymore	at	barely	brenda	by	don	every	favorites	fifteen	goodness	heartstrings	herself	hit	home	just	lee	list	lyrics	make	or	reality	sang	set	she	singer	songs	still	sure	them	these	they	think	time	torch	understood	were	will	younger
always	am	are	asking	beautiful	bless	dear	friends	god	offering	our	protect	wherever
absolutely	amazing	an	beautiful	brings	eyes	her	makes	me	see	songs	story	tears	voice
apart	been	if	know	listen	ll	lyrics	many	meaningful	movie	people	powerful	really	soundtracks	understand	why
are	compared	garbage	lot	singers	todays	total
are	by	ends	him	moment	separated	when	yes
about	am	between	fantastic	frames	most	not	off	putting	strange	sure	transition	very	video
50	brenda	emotion	feeling	full	heard	heaven	her	lady	listening	more	never	real	she	singer	sounds	than	tire	voice	we	years
amazing	an	at	by	emotional	ever	goddard	much	paulette	thank	video	way
brilliant	choir	classic	ear	left	lovely	middle	million	perfect	piano	right	stereo	strings	such	thank	version	voice
as	battle	ensues	glorious	gun	his	last	makes	misunderstood	stand	tyranny	vigilante
actress	an	fantastic	heard	never	she	voice	woman
better	flows	opinion	original
almost	better	classy	describe	every	horny	nowadays	rebellious	romantic	still	story	than	which
called	dynamite	her	lil	miss	only	shes	they	why
brenda	brings	by	davis	does	emotion	job	on	originally	same	skeeter	sung
cant	greats	more	she	today	we	why
anyone	at	certainly	does	film	fits	know	singer	star	superb	well	who
almost	be	best	every	female	her	rock	roll	version	vocal	will
40	anybody	at	can	cute	recognize	unforgettable	very	woman
amazing	an	at	child	comfortable	command	concert	deliver	ease	effortlessly	flat	from	had	her	presence	prodigy	seemed	she	signature	special	vibrato	vocalist	voice
again	an	are	baby	boomer	come	don	doubt	era	ever	experience	lovely	lyrics	not	ones	post	really	sadly	same	seem	shame	songs	there	they	time	today	will	yes	young
add	best	black	by	coupled	days	easily	effect	enhance	from	gone	her	hey	long	lovely	magic	moodier	pace	photographs	plaintive	sadder	slower	sparkle	too	version	voice	white
audio	can	create	did	do	don	how	know	say	thank	video	wonderful
books	english	from	if	know	learn	messages
either	good	grandpa	me	not	send	wow
commercial	good	heard	hilarious	never	somehow	until	which
be	can	get	happy	how	just	listen	listening	makes	me	more	much	newcomers	older	out	retarded	sound	turn	wonder
as	can	glory	his	how	jeans	man	morning	on	put	soon	up
as	funny	gets	how	jackson	legend	michael	on	played	radio	regarded	still	though
about	also	back	behind	co	crap	crowd	day	did	get	him	himself	history	how	knew	know	look	made	on	plus	rest	sadly	sell	some	stage	tunes	we	which	wrote
are	cds	days	dustbin	gary	glitter	into	not	over	people	probably	their	these	throwing	world
be	don	gang	leader	lol	much	thank	very	want	your
about	an	are	everybody	excuse	got	honest	just	liking	nonce	re	rest	they	us	when
always	care	don	done	has	remains	same	will
are	can	committed	crime	discussing	enjoy	not	people	sick	who	without
funky	gen	god	instruments	more	parents	thank	used	wish	wow
any	as	being	cool	do	don	exceptions	few	find	frankly	good	has	made	meaningful	nice	nicely	not	nowadays	performed	rhythm	seventies	significance	signified	something	sort	those	times	tunes
best	black	brothers	community	could	did	group	how	just	life	living	man	many	moving	people	perform	shows	sing	stay	swoon	talent	tavares	your
amazingly	beautiful	classic	from	gorgeous	heard	thank	titans
certain	every	from	hear	supernatural	think	time
can	car	fire	from	listening	now	see	star	titans	up
am	from	heard	india	kind	series	songs	titans
can	fade	out	taking	then
around	good	here	me	mom	playing	real	right	sharing	thanks
be	best	ever	got	has	heard	structured	ve
are	curious	how	know	living	many	members	now	original	still	tavares
bought	happy	here	me	supernatural	yeah
angel	around	creation	foundation	know	moral	our	principle	reason	us	values	we
best	dance	dancing	disco	era
after	an	angel	arm	around	at	be	beautiful	beegees	beethoven	boat	couples	cruise	dancing	disco	elaborate	even	fever	fifth	fires	gorgeous	happy	heaven	imagination	instrumental	kissing	lot	missing	most	must	night	on	only	or	out	princess	romantic	say	see	ship	shoulder	though	up	version	would
cannot	get	good	handsome	how	look	over	sound	stil	still	they	were
age	classic	golden	listening	pleasure	priceless	real
band	college	drum	excellent	heard	horns	line	percussion	perform	show
18	am	can	days	die	here	honestly	kind	listen	lol	masterpiece	never	why	will
gold	matter	no	remain	timeless	will
comment	eyes	future	here	leave	ll	see	tears
are	crying	eyes	her	killing	lyrics	me	tears	voice
always	beautiful	earth	heaven	on	out	shine	shined	sing	ya
2019	better	born	much	others	songs	than	time	today	wish
falling	listen	much	rain	too	when
dream	good	heard	just	me	played	vivid	way
can	cry	hold	legends	makes	me	myself	these
10	about	at	came	just	know	least	nice	played	times
better	carpenters	classic	even	get	gets	listen	never	old	perfect	privilege	representation	songs	their	time
beaten	beautiful	being	birds	can	cat	more	morning	natural	on	paper	pure	singers	singing	sounds	spring	talent	today	too	type	unlike	up	voice	wake	whose
expensive	her	iconized	something	voice
20	am	are	better	born	browsing	father	found	from	heard	old	songs	teenager	than	while	year
as	beautiful	controls	each	how	note	notes	quality	she	should	sound	unimaginable	voice
amazing	at	be	beautiful	born	those	time	wish	would	year
as	blocks	box	comments	could	hey	move	out	please	sort	texting	thank	way	youtube
can	clear	english	every	hear	her	karen	mother	not	nowadays	pronunciation	rare	sings	tongue	understand	very	voice	when	which	word
breaking	can	cry	get	heart	her	make	me	part	really	they	when	where
bit	cry	hell	little	makes	me	mean	not	really	sad	surely	why
am	appreciate	at	could	english	find	first	happy	looking	lyric	really	spend	studying	time	understand	without
bless	comment	day	family	god	may	read	those	who	wonderful	your
15	am	at	been	crying	damn	do	feel	girl	just	kinds	know	life	likes	not	old	reincarnated	songs	these	who	why
60s	backing	beautiful	born	don	enjoy	know	oh	old	sometimes	songs	these	those	vocals	why	wish
butter	cant	describe	honey	over	running	still	voice
calmness	comes	every	feeling	get	happiness	hear	on	smile	their	time
about	an	as	back	era	form	funny	generations	grandparents	introduction	its	lest	listened	listeners	look	many	on	parents	sad	say	songs	their	them	they	think	today	true	truer	tuned	will	youth
because	choir	glad	head	learn	lol	stuck
close	different	eyes	heart	only	still	yesterday
loved	ones	only	remains	world
daughter	good	has	her	likes	listen	make	sad	she	think	voice
art	artists	brilliant	develop	given	millions	museum	over	people	piece	pleasure	time	vocal	who	world
beautiful	clear	colorful	die	from	karen	nice	still	unique	voice	world	young
be	goes	life	memory	on	still	will
about	became	cause	crush	day	favourite	friends	go	heard	him	his	home	knowing	name	out	repeat	talking	thanks	today	without
always	am	be	been	before	biggest	by	carpenter	effortless	far	favorite	go	had	her	inspiration	karen	on	own	performing	practice	pure	recordings	singer	singing	time	use	will
after	born	clearly	creation	credit	documentary	even	geniuses	gift	given	her	him	iconic	learned	much	not	responsible	singing	style	success	their	these	two	watching	were
down	ever	female	greatest	hands	heard	voice
days	nonsense	not	now	timeless
cruel	darkness	life	never	short	surrender	will	world
70s	amazing	bad	best	billboard	brown	ever	kept	leroy	out	pop	possibly	pretty	rock	slot	stupid	think	we	were	written
30	another	as	at	believe	best	can	combination	credit	depressing	deserved	duo	emotion	emotions	ever	feeling	female	go	got	guess	hits	if	imagine	into	know	many	much	musicians	never	out	passed	people	personally	probably	put	really	relate	richard	said	sang	she	some	songs	their	there	those	through	times	truth	very	voice	well	when	years
day	its	listen	makes	really	time	too	wonderful
artist	break	can	forever	kind	live	no	today	will
an	attention	be	beautiful	been	bring	disease	disorder	eating	even	foundation	had	her	if	its	life	lost	name	needs	no	not	passed	prevalent	question	she	should	singer	society	soon	such	superstars	there	these	today	too	tragedy	two	way	would
course	drum	famous	god	her	oh	on	singing	splendid	track	work	world
any	appreciated	be	can	did	first	game	listen	may	movie	or	recall	reference	where	would
anyone	got	me	more	please	share	similar	songs
already	by	dare	don	even	into	just	listening	tears	video	watching
an	friend	good	mean	old	really	she	sounds
at	before	better	car	door	drive	hang	movie	movies	on	play	sounds	speaker	than	their	they	we	would
asleep	crying	fell	little	play	she	sister	started
be	beautiful	brings	ever	hear	her	how	if	ironic	lovely	me	most	must	not	she	sing	such	tears	voice	voices	when
2019	always	likes	listens	mom	much	she	sings	still	very	who
always	amazing	an	attention	beating	bless	clean	crap	draw	garbage	god	karen	live	on	others	resort	she	such	themselves	voice	who	will	without	world
ages	can	describe	emotion	feeling	more	no	perfection	smooth	voice
beautiful	could	how	if	just	seen	she
beautiful	can	eyes	few	had	her	me	others	she	tears	touches	typing	voice	way
about	detailed	evergreen	everything	good	how	moving	musics	quick	rip	world
album	always	anyone	as	beautiful	bought	can	dad	don	early	far	go	had	her	lot	loved	mother	really	she	single	singles	such	their	then	think	touch	vocals	voice
am	an	are	darn	eyes	here	listening	now	onions	put	running	these	who
future	good	hope	look	many	memories	more	service	thank	your
admit	days	generation	grew	ll	more	part	songs	than	these	up	wasn
beautiful	did	her	however	out	put	she	soul	they	very	wish	would
because	grandparents	hanging	kind	out	parents	songs	why
alone	better	happened	her	hip	hop	our	put	rap	than	today	together	voice
any	can	cover	feedback	give	hope	made	me	much	on	thank
bankrupt	brother	did	her	hope	lived	not	off	problem	see	voice
1st	70	after	am	background	chorus	comma	half	just	melody	name	noticed	only	piano	riff	says	she	shines	sings	still	who
disliked	don	people	taste	who
be	classic	forever	heart	people	truly	will
be	has	hear	her	imitated	its	know	never	once	resonance	she	totally	unique	voice
gave	lyrics	some	songs	speak	team	themselves	they	us	were	wonderful
beautiful	can	clear	crystal	else	her	melancholy	no	recreate	remarkable	voice
casper	change	hear	heard	her	just	key	made	recorded	ride	they	those	ticket
best	dear	friend	nice	weekend	wonderful
anyone	at	laugh	liking	makes	me	not	thought
always	artist	beautifully	best	can	fantastic	female	find	lyrics	match	written
absolutely	an	devastating	down	her	loss	sends	shivers	singing	spine	still	us
disturbing	era	good	heart	just	made	masterpiece	more	necessary	now	richness	state	than	things	valued	when	world
about	always	at	be	come	day	do	don	excited	good	had	know	knows	me	night	same	say	thing	thought	want	why	work
ever	industry	loss	most	tragic	unique	voices
beautiful	bloody	drums	era	fantastic	heartfelt	her	lost	only	play	pretty	problem	recluse	sadly	say	she	soulful	unheard	voice	wanted	who
about	how	know	meta	realized	singing	something	think
age	birth	death	old	perception	sorrow	suffering
almost	came	charge	completely	discharged	got	here	only	phone	preserve	thank
000	100	are	around	bankrupt	barbados	be	becomes	being	billion	billions	business	carlos	comes	company	concern	concerns	could	director	dollar	fall	friend	further	get	go	goes	hinds	holders	invest	king	lawyers	managing	not	nothing	peter	share	suicide	than	those	why	will	zulus
age	at	be	god	height	her	left	prime	sad	singer	such	talented	us	young
anymore	beautiful	don	make	singers	they	timeless	truly	voice	wonder
another	behind	clear	damn	effortless	ended	enjoy	good	her	karen	left	listening	lot	rip	sad	seemed	she	sing	soon	taken	too	voice	way	woman
able	been	brother	by	crafted	credit	do	enough	gets	has	her	not	quieted	repackage	richard	shame	songs	soon	their	think	too	voice	were
amazing	an	beautiful	before	sad	soul	still	time	touches
anymore	as	bad	childhood	good	no	such	there	thing	too	very
beautiful	bought	btw	carefully	curios	daughter	doll	dollars	find	googled	got	has	her	here	if	indeed	karachi	listened	loops	low	out	pakistan	part	preset	quality	real	singing	sound	those	where	words
close	feeling	five	happy	how	into	matter	no	seconds	tears
body	every	her	melodious	no	she	sings	sweeter	than	voice
act	beautiful	died	everytime	eyes	hear	lose	man	she	start	such	up	voice	when
asking	blacklane	bolt	boot	car	class	even	fresh	into	long	make	me	off	on	pie	sense	shove	sing	steamer	thank	well
america	another	comment	its	nam	not	on	play	played	radio	sad	saw	still	they	video	viet
am	being	better	can	could	couldn	depressed	done	everything	fixed	from	got	help	just	know	listen	more	nothing	sad	sadder	undo	wished	yourself
30	by	chopin	cried	ending	kate	last	listening	minutes	monday	reading	sad	straight	while
good	latina	mixed	or	pretty	race	she	singer	very
90s	child	house	incredible	just	she	sounds	too	track	wow
accent	although	come	dc	girl	has	lol	moan	she	southern	think
2019	disco	don	even	fresh	hear	house	often	on	shows	sounds	timeless
14	as	back	bell	concerning	end	fashionable	good	guess	hair	her	just	only	same	shape	she	then	times	wow
as	black	either	fantastic	first	girl	has	heard	mixed	race	she	singing	thought	voice	way	when
1980	90s	always	been	by	dead	declined	disco	from	has	july	lived	only	rapidly	revival	sad	short	there	totally	very	why
as	especially	feel	feeling	happier	itsliverpool	liverpool	low	making	me	much	track	tune
age	at	doing	done	dream	gifted	lot	nice	now	only	people	she	such	tender	voice	well	where	wonder	young
25	age	anyone	are	been	before	business	could	couldn	dance	do	had	hair	heart	her	just	know	mess	million	never	no	oh	other	people	popular	presence	retired	seen	she	show	showed	stage	there	they	things	think	wasn	who	why	wish
also	beyond	complexity	her	nuance	there	voice	years	yet
after	also	are	band	because	being	did	don	due	enough	full	fully	got	hits	knew	know	lived	long	made	many	maybe	mostly	never	not	or	people	popular	problem	rated	really	say	see	stay	their	these	they	time	together	underappreciated	underrated	understand	we	were	years	yes
another	beautiful	beauty	been	black	blow	call	channel	day	didn	english	few	good	his	into	laugh	longer	more	never	nice	playing	real	songs	staves	super	their	they	thing	though	tire	tony	were	wish	would
about	another	as	be	beatles	cares	clearly	conversation	could	harmonies	history	hollies	level	match	no	part	regard	same	took	vocal
about	are	around	end	ever	go	guys	harbor	heard	hey	horn	how	if	instinctively	into	kinds	laugh	looking	looks	nash	noticed	often	ships	these	things	think	towards	turns	wondered	yes
at	band	being	clapping	crazy	everyone	fantasize	going	guys	if	laugh	me	playing	told	would
1966	always	anybody	been	before	beginning	both	came	can	ears	else	familiar	first	following	heard	hearing	hey	hollies	if	just	know	melody	memories	might	miles	minds	more	other	parallel	see	seems	songs	they	think	ve	versa	vice	when	where	who	wrote
any	attention	before	course	good	heard	never	paid	really	ve
150	1930s	actually	come	could	from	future	good	herbert	his	hitler	next	not	novels	predict	predicting	predictions	pretty	series	shape	soviet	start	things	tried	union	went	where	would	wrong	wrote	wwii	years
about	at	band	commented	gas	heard	kid	never	register	sad	she	station	stopped	store	system	them	tune	very	yesterday
bad	band	camera	deserved	did	dominates	equal	especially	face	instruments	lead	members	not	other	played	recognition	since	singer	they	too	video
14	agree	are	british	can	good	grew	if	invasion	matter	me	no	or	person	some	up	we	who
anyone	be	brilliant	come	compare	cooler	from	future	guys	may	now	out	soldiers	than	there	these	tomorrow	we	were	without
already	are	biography	crossed	fans	few	has	making	mind	not	only	or	sure	tell	themselves	there	think	time	two	will	write
afraid	as	be	can	expert	give	guitarist	here	looks	may	not	right	straight
80s	always	anybody	as	beatles	can	else	elvis	getting	here	influential	into	ironically	just	likes	listening	many	old	once	really	saw	sounding	started	stop	them	they	thing	too	tunes	type
actually	admit	away	been	before	blown	by	embarrassed	first	his	how	listened	long	really	singing	time	took
by	checked	could	doc	doesn	dream	every	get	girl	heart	how	hypnotizes	if	make	might	need	puts	race	seen	single	state	then	wish	your
after	anyone	apparently	at	back	be	birth	died	dude	end	go	gospel	him	his	jesse	late	named	resemblence	seen	singer	striking	tomorrow	true	twin	we	will
be	best	elders	gives	headache	honest	just	nowadays	old	songs	were
about	agree	be	because	can	crap	elvis	gang	garbage	go	gonna	gucci	here	if	king	know	let	magnificent	me	new	no	not	or	people	person	please	replace	right	seriously	sounds	think	today	wait
at	beach	dance	dream	get	hawaii	listen	partner	such	wanna	when
best	did	know	selling	single
about	always	because	born	circle	comment	dont	generation	jerk	kids	listen	listening	old	on	ones	only	re	section	smart	they	thing	think	wrong	youtube
are	artists	century	come	do	guys	listening	mail	medal	most	recognizable	special	sure	want	when	wow	your
better	carefully	god	if	kind	listen	now	story	tells	than	thank	way
best	brought	ever	glad	guy	hearts	king	lived	lives	musician	on	our	still	up
charming	from	more	mother	much	must	naples	original	say	speak	than	think	tongue	version
17	50s	60s	age	as	at	basic	been	bold	come	compared	conclusion	currently	existent	experience	explicit	fossils	from	group	has	here	historic	however	illicit	isn	listen	modern	more	much	never	non	or	others	past	people	points	pretty	profane	realise	some	taste	they
2019	80s	am	another	as	evoke	evolution	just	milestone	response	similar	still	sure	will	year
beautiful	creation	evergreen	melodious	much	romantic	sweet	thank	very	wonderful
don	get	good	how	just	lyrics	many	matter	no	repeated	same	times	tired
anymore	are	at	be	behind	being	broke	came	can	crazy	decide	dizzy	don	everytime	excitement	exciting	fear	got	heart	here	if	look	made	me	more	night	person	running	see	seen	star	stop	there	up	ve	when	yes
almost	change	feeling	gonna	got	if	months	nothings	read	remember	strong	were	will	wuv
15	22	are	boyfriend	day	first	him	husband	last	loved	old	send	since	together	valentine	we	years
aren	bullshit	from	give	heart	just	life	materialistic	now	songs	their	they	today	true	where	will	written	wrong
down	gave	know	most	person	really	romantic	songs	thumbs	time	want	who	wrong
1988	about	anymore	appreciated	as	be	because	change	don	era	especially	ever	fool	going	having	her	if	incase	just	may	might	not	nothing	otherwise	plan	ready	still	thought	track	true	upload	very	via	without
anyone	beach	breeze	california	cool	dress	faded	floaty	good	lady	late	levis	linen	on	refreshing	romantic	shirt	suggestive	summer	think	walk	white
her	how	lady	much	say	says	true	when
do	fantastic	little	new	should	someone	version
about	are	days	gone	nothing	people	real	sing	they	today	when
brains	by	deserves	despecio	humans	if	light	makes	me	more	most	outbeats	something	swift	taylor	trillion	video	views	wonder	wrong	years
about	are	away	best	breath	certain	gave	held	him	his	hug	hugs	just	man	me	mind	omg	on	takes	thinking	tight
back	been	fucking	getting	laid	looked	lot	mendes	much	must	now	shawn	then	ve
at	changes	crucifix	got	his	know	lets	look	man	okay	on	shirt	three	times
1980	be	certainly	focus	not	soft	sure	we	where	without	would
80s	about	during	especially	just	not	overplayed	perfect	they	weddings	were
banger	believe	best	matter	missing	no	real	we	world	year
being	call	called	deserver	evergreen	got	happiest	has	just	life	moment	not	people	priceless	thing	thousand
am	bad	believe	change	crying	do	feel	god	going	how	makes	me	not	nothing	now	someone	they	think
best	everytime	favorite	forever	hear	heart	no	question	radio	touch	when	wow
am	an	beautiful	been	born	era	feel	kids	lucky	make	me	now	nowadays	play	proud	really	songs	them	these	they
bad	caught	change	detention	ever	gonna	how	if	know	ll	lol	never	nothing	now	since	sings	teacher	wonder
attractive	been	boy	could	dude	feel	had	huge	movie	natural	not	on	pinup	romantic	screen	seemed	side	soft	star	teenage	typical	ve
18	about	ago	change	ever	feeling	gonna	its	lovely	loving	married	nothing	same	says	still	truly	wife	years
add	ago	an	by	couple	didn	find	had	honest	idea	innocence	kid	may	no	out	seems	sung	these	until	weeks	years
as	been	benson	better	called	classified	emotion	feelings	george	glen	good	had	hit	if	now	overall	popstars	pretty	sang	some	still	than	these	tune	wonder
attention	create	heart	how	inside	listening	live	me	snatched	taught	uncle
although	blue	budget	ever	front	lol	lowest	not	probably	screen	seen	ve	video
almost	cute	downhill	go	guess	guy	handsome	harder	his	looked	looks	middle	more	naturally	now	preserve	re	sad	should	still	though	typical	ve	when	wish	young
ages	anymore	can	day	we	why	wrong
80	90	born	came	even	from	out	really	though	wasn	when	yet
again	be	believe	blessed	brightens	can	face	feel	first	god	hard	heart	him	his	its	just	lost	may	melts	moon	much	never	send	stars	stop	sweet	thank	think	thinking	thought	thoughts	time	too	ve	very	wait	walker	wanna	way	world
as	be	can	complaining	first	go	good	guys	if	listen	ll	make	stop
day	kind	listening	make	real	up
an	as	best	chock	college	cool	curious	educator	emerge	era	from	full	hi	himself	imho	mederios	mr	now	on	ones	pop	prep	president	pretty	reinvent	romantic	school	songs	went
about	are	behind	better	etc	from	gonna	her	how	modern	much	other	songs	take	think
about	actually	days	its	looks	meant	something	these	videos
at	cry	do	everytime	funny	girlfriend	hope	its	makes	me	not	sad	same	time
can	find	innocent	kind	these	video	where
beat	classic	excellent	its	just	millennium	romantic	time
easy	exactly	hear	innocent	just	right	says	simple	woman
are	as	at	beautiful	country	currently	going	has	husband	just	me	meaningful	out	present	real	reduced	sent	tears	through	time	tough	who	words
here	live	not	quite	record	singing	sounds
ain	always	amen	anymore	best	gonna	loved	much	peace	performance	rest	says	scott	shine	sun	talent	thank
about	are	background	definitely	live	not	on	performed	sure	vocals
awesome	be	limitlessly	parallel	reincarnated	universe	voice	want	where
after	another	at	beginning	cause	cockamame	come	dead	door	dream	has	idea	improvement	light	loving	lucky	make	mean	minute	move	our	really	rest	room	says	second	seeing	should	special	still	sure	true	tunnel	wait	way
as	good	group	hear	live	nice	sounds	studio	version	well
be	better	brothers	did	frankie	hear	mind	must	only	original	recollection	slow	than	think	thinks	too	valli	version	walker	when	who	yes
am	better	did	fast	four	horrible	much	only	seasons	thinks	too	version	who
again	apparently	came	do	hear	heard	loved	myself	need	on	out	still	supernatural	thought	when
am	any	anymore	gets	gonna	his	looking	lose	man	son	way	wife
arms	can	come	downy	easily	even	fore	hair	how	interesting	means	now	on	scott	see	technology	tendons	todays	veins	vintage	we
60	again	along	brothers	case	comes	didn	had	info	interested	jim	live	mary	on	original	re	realize	recording	show	singing	smothers	sophisticated	such	technology	thanks	they	tube	where	yester
50	60	70	artists	back	band	be	didn	do	easy	engineer	even	frequently	get	making	need	needed	only	sound	studio	technique	they	tracks	up	used	very	whenever
bass	cool	did	easy	echoed	emptiness	excellent	four	going	has	line	lose	lyric	miss	more	much	musically	no	nothing	on	out	piano	place	re	really	seasons	spectorish	start	stuff	there
further	guys	made	nice	real	should	sound	theme	these	voices
1966	20	ain	also	anymore	aren	at	beatles	been	brothers	charting	club	country	did	especially	fact	fan	girls	gonna	high	hit	larger	lead	less	most	new	number	particularly	people	popularity	reached	said	scott	shine	successful	sun	teenage	than	their	uk	vocalist	walker	well	which
1966	2019	as	brothers	by	december	do	does	frankie	just	justice	label	more	not	on	originally	recorded	released	single	smash	successful	valli	walker	when
11	19	29	day	end	here	keep	listening	on	powerful	time	timeless	until	we	will
beyond	eternal	had	idea	no	their	theme	they	time
am	away	else	father	got	has	here	its	just	listening	morning	nearly	passed	shine	smiling	somehow	sun	sure	thinking	track	who	will
000	50	80	about	agree	ain	alone	anymore	as	being	best	can	company	favorite	funny	garbage	gonna	good	has	itunes	made	marin	most	mr	none	out	put	shine	songs	stand	stands	sun	surname	their	there	today	trio	very	walker
america	american	an	as	band	britain	brothers	did	due	famous	history	made	may	not	righteous	than	they	walker
always	an	are	because	both	brothers	confuse	deal	deserve	groups	magnificently	masterpiece	much	outstanding	probably	reason	respect	righteous	some	sound	sung	they	unforgettable	walker	wow
2019	again	do	every	four	listening	listens	loving	or	second	sept	should	singing	three	trick
ever	gonna	head	ones	rings	shine	sun
60	ago	couple	day	era	every	fantastic	from	instruments	into	listen	lyrics	missed	now	posting	ran	somehow	thanks	video	voices	weeks
10	doomsday	ever	favorite	just	knowing	songs	these
clarity	depth	deteriorated	has	his	listen	male	no	sad	sounds	timber	today	vocalist	voice	way
definitely	even	five	loved	many	more	never	think	tire	today	top	years
bad	create	didn	enjoy	forever	greatest	history	master	more	musical	pieces	they	too	us	voices
break	crazy	drama	easy	had	meaning	not	on	real	some	songs	take	these	up	voice	yourself
be	beautiful	day	dead	forever	from	generation	get	glorious	god	listen	musicians	our	shared	up	us	wake	we	will
60	back	beautifully	classic	crafted	defining	equipment	era	given	haunting	many	moving	recording	songs	sound	them	then	there	those	way	were
about	artists	can	fame	generation	lust	money	new	nobody	nowadays	sing	sucks	they	today	touching	write
about	better	each	got	just	listened	million	perfect	time	times
19	60s	amazing	away	blows	correct	drummer	fantastic	format	headphones	hearing	hidden	its	kan	magnificent	mind	much	never	off	our	player	presenting	production	ps	record	some	somewhere	stereo	thank	thru	try	uk	your
beam	best	captured	day	died	download	era	had	has	me	no	not	own	shined	since	sound	sun	their	they	up	yet
always	been	by	company	create	intelligible	more	orchestra	overwhelmed	record	version	vocals	wish	would
an	camera	clever	clip	considered	day	despite	irritating	its	microphone	obscuring	performance	perhaps	singers	work
brilliant	detract	difficult	elsewhere	from	good	imprinted	look	mind	no	not	once	really	seen	sound	such	tight	trousers	way	wish
beautiful	feeling	has	hear	here	innocence	its	kinds	life	little	original	pure	songs	spirted	such	these	vocals
again	any	arrangement	because	better	compare	doesn	every	favorite	few	get	harmony	hear	ll	never	past	perfect	songs	super	than	those	time	today	voice	way
60s	ballads	brilliant	by	engel	full	given	masculine	melancholy	mid	pop	scott	throttle
before	going	here	keeping	out	pretty	ricky	thank	they	were
am	as	bass	bottom	does	here	home	miami	no	not	now	only	tell	well
80	90	back	bass	can	classics	early	era	florida	from	had	honestly	lock	many	mid	on	out	say	south	those	through	whole
agree	an	any	anything	are	as	ask	be	cookout	every	family	fits	genders	generation	greatest	hey	if	let	listen	much	muchm	no	now	other	out	party	play	races	same	seemed	situation	tell	thank	them	there	time	type	will	ya
beat	coincide	degrade	diss	downgrade	has	innovate	inspire	know	lost	made	motivate	na	need	not	or	purpose	sha	voice	want	were
because	called	felt	how	men	now	our	soft	told	try	we	when	where	why	women	your
ago	be	been	bit	come	could	do	email	few	if	information	intended	little	lot	months	more	next	only	see	solely	we	week	weeks	would
age	as	can	classic	comments	don	dumb	exactly	from	just	life	may	me	means	more	much	no	nor	other	others	say	than	their	there	they	tomorrow	twice	will
age	at	by	can	dudes	had	imagine	leo	less	listen	man	many	masterpieces	more	natural	not	on	only	passed	pop	radio	songs	such	talent	tarts	them	then	today	wailing	would	written	young
amazing	enchanced	era	graphics	hd	just	no	not	real	really	simplistic	something	special	there	those	yet
end	happens	just	much	paint	pretty	too	up	wearing	when
after	amazing	came	cute	grandma	guy	has	here	listening	singer	smile	street	sweet	we	yes
after	dog	her	here	included	lady	media	myself	people	powerful	seeing	singing	source	such	sweet	twitter	unbelievable	video
after	came	can	chihuahua	dog	ever	her	here	herman	intelligent	jack	listening	lola	loving	malinda	mix	more	most	owned	rescue	say	sensitive	she	singing	terrier	than	too
different	find	first	format	prefer	seen	soothing	time	ve	video
able	as	be	beautiful	beauty	bottom	delivered	from	heart	how	measure	message	much	never	today	tomorrow	twice	unfortunately	will	word	youngsters
advance	been	chorus	com	goes	hard	https	melodica	months	off	or	remember	same	similar	something	starts	thanks	there	trying	ve	vocaroo	way
boyfriend	can	future	him	if	me	more	say	sing	tell	than	would
as	could	hear	man	over	sing	special	way	young
after	came	did	girl	girlfriend	happened	her	his	marry	new	real	then	unattractive	wonder	zealand
am	another	around	bulls	dance	days	epileptic	feels	guy	just	look	lot	noise	seized	those	today	way	were	when	who
are	at	cars	clear	drive	good	late	night	relaxed	streets	tune	vibe	when
be	california	car	desert	driving	golden	imagine	listening	moment	roadway	sunset	through	would
are	dear	film	permission	re	really	short	sir	too	use	want
by	forget	gives	leo	life	many	memorable	never	not	singer	singing	will
always	as	beautiful	boot	good	his	looking	talented	very	voice	well
80s	any	are	broadcast	classics	early	era	get	huge	many	more	other	pop	radio	songs	still	streaming	than	them
70	80	about	art	care	day	generation	good	if	musics	part	signers	they	true	were	wish
before	bit	breath	came	every	from	gather	more	out	sounds	take	than
am	another	cry	do	guy	just	make	me	mean
else	gift	giving	goes	how	keeps	know	on	someone	they	will
can	dance	dancing	friends	if	keep	mind	on	physically	your
another	elvis	guy	just	no	original	singer	thought
are	by	certainly	dancing	does	feel	himself	judging	leo	listeners	make	me	not	video	viewers
crazy	eye	fell	full	insane	just	loud	singing	sometime	sorrow	tears	unsaid
action	afro	background	be	bizarre	bob	down	entire	hot	how	no	on	painting	reason	seriously	some	throughout	video	would
40	an	brought	c9	daddy	dated	film	haven	here	home	instrumental	just	me	myself	only	sweet	thought	vintage	yeah	years
80	adult	away	by	can	complete	couple	dozen	from	golden	later	made	me	melody	message	oldies	only	or	orchestration	other	outstanding	pull	simple	songs	standards
as	be	countrify	course	day	may	never	nice	they	version	will
at	beautiful	could	dislike	don	hits	home	how	right	someone	such	understand
beautiful	better	devices	digital	excellent	far	lyrics	modern	more	on	produce	real	rely	singers	singing	than	versions	voice	which
arts	class	family	fan	future	good	happiness	health	legenda	life	light	luck	much	musical	nice	prof	real	rock	sing	soft	thank	time	too	very	young
accepting	age	are	big	come	currently	dates	dudes	every	girl	guy	ha	hair	if	im	international	mean	no	not	on	pink	pretty	range	sing	suit	them	want	would
as	cutting	doing	gifts	giving	making	out	pictures	them
absolutely	favorites	hearing	never	time	tire	will
cup	extremely	heart	his	isn	melting	really	some	songs	tea
1980	about	around	as	boyfriends	brother	doormat	favorites	gonna	good	has	him	let	look	me	really	sort	tell	though	use
as	at	care	clown	funny	guy	hospitals	kids	least	leo	most	nice	nonetheless	not	others	out	people	really	sick	singing	started	thinks	would
as	don	going	got	him	know	on	opening	or	painter	richard	seeing	simmons	softly	speaks	suggest	thing	video	well	who	would
afraid	beautiful	feel	him	how	really	sad	someone	such	tell	when	your
age	am	comes	dear	friend	glad	important	not	think	time	when
